mag,taxonomy
SAO-all-DCM-0-8-5-00_bin-388,Eukaryota;-;-;-;-;-;-;-
IO-all-DCM-0-8-5-00_bin-104,Eukaryota;Hacrobia;Cryptophyta;Cryptophyceae;Cryptomonadales;-;-;-
MS-all-DCM-0-8-5-00_bin-318,Eukaryota;Stramenopiles;Ochrophyta;Chrysophyceae;-;-;-;-
SPO-all-DCM-0-8-5-00_bin-208,Eukaryota;-;-;-;-;-;-;-
SPO-all-SRF-0-8-5-00_bin-515,Eukaryota;Hacrobia;Haptophyta;Prymnesiophyceae;-;-;-;-
MS-all-SRF-0-8-5-00_bin-479,Eukaryota;-;-;-;-;-;-;-
SPO-all-SRF-0-8-5-00_bin-470,Eukaryota;Stramenopiles;Ochrophyta;Dictyochophyceae;Dictyochophyceae_X;-;-;-
SAO-all-SRF-0-8-5-00_bin-465,Eukaryota;Hacrobia;Haptophyta;Prymnesiophyceae;Isochrysidales;Noelaerhabdaceae;-;-
SPO-all-SRF-5-20-00_bin-1,Eukaryota;Metazoa;Arthropoda;Hexanauplia;-;-;-;-
IO-all-SRF-0-8-5-00_bin-484,Eukaryota;-;-;-;-;-;-;-
SPO-SPSG-SRF-20-180-00_bin-71,Eukaryota;Metazoa;Arthropoda;-;-;-;-;-
SPO-PEOD-DCM-180-2000-00_bin-9,Eukaryota;Metazoa;-;-;-;-;-;-
SPO-all-SRF-180-2000-00_bin-151,Eukaryota;Metazoa;-;-;-;-;-;-
SAO-all-SRF-0-8-5-00_bin-34,Eukaryota;Stramenopiles;Ochrophyta;Chrysophyceae;-;-;-;-
NPO-all-DCM-0-8-5-00_bin-316,Bacteria;Proteobacteria;-;-;-;-;-;-
SAO-all-SRF-0-8-5-00_bin-414,Eukaryota;-;-;-;-;-;-;-
NPO-all-DCM-20-180-00_bin-13,Eukaryota;Metazoa;Arthropoda;Hexanauplia;-;-;-;-
NAO-all-SRF-0-8-5-00_bin-143,Eukaryota;-;-;-;-;-;-;-
SPO-PEOD-SRF-20-180-00_bin-14,Eukaryota;Metazoa;Arthropoda;Hexanauplia;-;-;-;-
SPO-SPSG-SRF-0-8-5-00_bin-565,Eukaryota;Metazoa;-;-;-;-;-;-
NPO-all-SRF-5-20-00_bin-46,Eukaryota;Metazoa;Arthropoda;Hexanauplia;-;-;-;-
SPO-all-DCM-0-8-5-00_bin-138,Eukaryota;Archaeplastida;Chlorophyta;Chloropicophyceae;Chloropicales;-;-;-
SAO-all-SRF-20-180-00_bin-2,Eukaryota;Alveolata;Ciliophora;Spirotrichea;-;-;-;-
MS-all-SRF-0-8-5-00_bin-263,Eukaryota;Archaeplastida;Chlorophyta;Mamiellophyceae;Mamiellales;Bathycoccaceae;-;-
SAO-all-SRF-5-20-00_bin-23,Eukaryota;-;-;-;-;-;-;-
SPO-SPSG-SRF-0-8-5-00_bin-663,Eukaryota;Hacrobia;Haptophyta;Prymnesiophyceae;-;-;-;-
SPO-all-SRF-20-180-00_bin-84,Eukaryota;Metazoa;Arthropoda;-;-;-;-;-
SPO-all-SRF-20-180-00_bin-120,Eukaryota;Metazoa;-;-;-;-;-;-
SAO-all-SRF-20-180-00_bin-36,Eukaryota;Metazoa;Arthropoda;-;-;-;-;-
SO-all-SRF-0-8-5-00_bin-4,Eukaryota;-;-;-;-;-;-;-
SPO-SPSG-SRF-0-8-5-00_bin-581,Eukaryota;Hacrobia;Haptophyta;Prymnesiophyceae;-;-;-;-
MS-all-DCM-5-20-00_bin-24,Eukaryota;Metazoa;Arthropoda;Hexanauplia;-;-;-;-
SPO-all-SRF-0-8-5-00_bin-459,Eukaryota;Hacrobia;Haptophyta;Prymnesiophyceae;-;-;-;-
SPO-SPSG-SRF-20-180-00_bin-69,Eukaryota;Metazoa;Arthropoda;Hexanauplia;-;-;-;-
NAO-all-SRF-5-20-00_bin-3,Eukaryota;Metazoa;Arthropoda;Hexanauplia;-;-;-;-
NAO-all-SRF-5-20-00_bin-30,Eukaryota;Metazoa;Arthropoda;Hexanauplia;-;-;-;-
IO-all-DCM-20-180-00_bin-84,Eukaryota;Archaeplastida;Chlorophyta;-;-;-;-;-
SPO-CHIL-SRF-180-2000-00_bin-20,Eukaryota;Metazoa;Arthropoda;Hexanauplia;-;-;-;-
SPO-PEOD-SRF-20-180-00_bin-1,Eukaryota;Metazoa;Arthropoda;Hexanauplia;-;-;-;-
IO-all-SRF-0-8-5-00_bin-113,Eukaryota;-;-;-;-;-;-;-
NAO-all-MIX-5-20-00_bin-30,Eukaryota;Metazoa;Arthropoda;-;-;-;-;-
SAO-all-DCM-0-8-5-00_bin-418,Eukaryota;-;-;-;-;-;-;-
IO-all-DCM-0-8-5-00_bin-351,Eukaryota;-;-;-;-;-;-;-
SPO-all-SRF-180-2000-00_bin-214,Eukaryota;Metazoa;-;-;-;-;-;-
NPO-all-SRF-0-8-5-00_bin-450,Eukaryota;Stramenopiles;Ochrophyta;Dictyochophyceae;-;-;-;-
RS-all-SRF-20-180-00_bin-10,Eukaryota;Metazoa;Arthropoda;Hexanauplia;-;-;-;-
SPO-all-SRF-180-2000-00_bin-17,Eukaryota;Metazoa;Arthropoda;Branchiopoda;Diplostraca;-;-;-
NAO-all-DCM-20-180-00_bin-2,Eukaryota;Metazoa;Arthropoda;Hexanauplia;Calanoida;-;-;-
SPO-SPSG-SRF-0-8-5-00_bin-27,Eukaryota;Archaeplastida;Chlorophyta;Palmophyllophyceae;Prasinococcales;Prasinococcales-Clade-B;Prasinoderma;Prasinoderma coloniale
NPO-all-SRF-20-180-00_bin-32,Eukaryota;Metazoa;Arthropoda;Hexanauplia;-;-;-;-
NAO-all-MIX-20-180-00_bin-24,Eukaryota;Metazoa;Arthropoda;-;-;-;-;-
NAO-all-SRF-180-2000-00_bin-100,Eukaryota;Metazoa;Arthropoda;Hexanauplia;-;-;-;-
IO-all-SRF-180-2000-00_bin-90,Eukaryota;Metazoa;Arthropoda;-;-;-;-;-
SPO-all-SRF-20-180-00_bin-119,Eukaryota;Metazoa;-;-;-;-;-;-
SPO-SPSG-SRF-20-180-00_bin-80,Eukaryota;Metazoa;Arthropoda;Hexanauplia;-;-;-;-
MS-all-DCM-20-180-00_bin-15,Eukaryota;Metazoa;Arthropoda;-;-;-;-;-
IO-all-SRF-20-180-00_bin-38,Eukaryota;Metazoa;Chordata;-;-;-;-;-
SPO-SPSG-SRF-180-2000-00_bin-137,Eukaryota;Metazoa;Arthropoda;-;-;-;-;-
NPO-all-SRF-0-8-5-00_bin-336,Eukaryota;-;-;-;-;-;-;-
SPO-all-SRF-180-2000-00_bin-69,Eukaryota;Metazoa;-;-;-;-;-;-
SPO-SPSG-SRF-0-8-5-00_bin-477,Eukaryota;Metazoa;Arthropoda;Hexanauplia;-;-;-;-
SAO-all-SRF-0-8-5-00_bin-592,Eukaryota;Stramenopiles;Ochrophyta;Chrysophyceae;-;-;-;-
SPO-all-SRF-20-180-00_bin-243,Eukaryota;Metazoa;Arthropoda;-;-;-;-;-
NPO-all-SRF-0-8-5-00_bin-113,Eukaryota;-;-;-;-;-;-;-
NAO-all-SRF-0-8-5-00_bin-17,Eukaryota;-;-;-;-;-;-;-
SAO-all-MES-0-8-5-00_bin-84,Eukaryota;-;-;-;-;-;-;-
NAO-all-SRF-20-180-00_bin-15,Eukaryota;Metazoa;Arthropoda;Hexanauplia;-;-;-;-
NAO-all-SRF-20-180-00_bin-42,Eukaryota;Metazoa;Arthropoda;Hexanauplia;-;-;-;-
SPO-CHIL-SRF-0-8-5-00_bin-213,Eukaryota;Stramenopiles;Ochrophyta;Chrysophyceae;-;-;-;-
SO-all-SRF-0-8-5-00_bin-110,Eukaryota;Stramenopiles;Ochrophyta;Pelagophyceae;Pelagomonadales;Pelagomonadaceae;-;-
IO-all-FSW-0-8-5-00_bin-88,Eukaryota;Archaeplastida;Chlorophyta;-;-;-;-;-
SO-all-SRF-0-8-5-00_bin-112,Eukaryota;-;-;-;-;-;-;-
NPO-all-SRF-20-180-00_bin-78,Eukaryota;Metazoa;Arthropoda;Hexanauplia;-;-;-;-
NPO-all-DCM-0-8-5-00_bin-17,Eukaryota;-;-;-;-;-;-;-
SPO-SPSG-SRF-0-8-5-00_bin-207,Eukaryota;-;-;-;-;-;-;-
MS-all-DCM-5-20-00_bin-19,Eukaryota;Metazoa;Arthropoda;Hexanauplia;-;-;-;-
MS-all-SRF-0-8-5-00_bin-464,Eukaryota;-;-;-;-;-;-;-
SPO-SPSG-SRF-20-180-00_bin-65,Eukaryota;Metazoa;-;-;-;-;-;-
NPO-all-DCM-20-180-00_bin-2,Eukaryota;Metazoa;Arthropoda;Insecta;-;-;-;-
IO-all-SRF-180-2000-00_bin-40,Eukaryota;Metazoa;-;-;-;-;-;-
NPO-all-DCM-20-180-00_bin-47,Eukaryota;Metazoa;Arthropoda;Hexanauplia;-;-;-;-
SPO-SPSG-SRF-0-8-5-00_bin-379,Eukaryota;Archaeplastida;Chlorophyta;-;-;-;-;-
SAO-all-DCM-0-8-5-00_bin-182,Eukaryota;Hacrobia;Cryptophyta;Cryptophyceae;Cryptomonadales;-;-;-
SAO-all-SRF-0-8-5-00_bin-611,Eukaryota;-;-;-;-;-;-;-
SPO-SPSG-SRF-5-20-00_bin-49,Eukaryota;Stramenopiles;Ochrophyta;Bacillariophyta;-;-;-;-
SPO-SPSG-SRF-20-180-00_bin-104,Eukaryota;Alveolata;Ciliophora;Spirotrichea;-;-;-;-
IO-all-SRF-180-2000-00_bin-96,Eukaryota;Metazoa;-;-;-;-;-;-
MS-all-DCM-0-8-5-00_bin-10,Eukaryota;Hacrobia;Cryptophyta;Cryptophyceae;Cryptomonadales;-;-;-
SPO-all-SRF-180-2000-00_bin-308,Eukaryota;Metazoa;Arthropoda;Hexanauplia;-;-;-;-
SPO-all-SRF-5-20-00_bin-176,Eukaryota;Stramenopiles;Ochrophyta;Bacillariophyta;Bacillariophyta_X;Raphid-pennate;-;-
NAO-all-DCM-20-180-00_bin-19,Eukaryota;Metazoa;Arthropoda;Hexanauplia;-;-;-;-
NPO-all-SRF-20-180-00_bin-84,Eukaryota;Metazoa;Arthropoda;-;-;-;-;-
SPO-all-SRF-5-20-00_bin-223,Eukaryota;Metazoa;-;-;-;-;-;-
NAO-all-MIX-0-8-5-00_bin-168,Eukaryota;-;-;-;-;-;-;-
NPO-all-DCM-20-180-00_bin-74,Eukaryota;Metazoa;Arthropoda;-;-;-;-;-
IO-all-DCM-20-180-00_bin-74,Eukaryota;Metazoa;Arthropoda;Hexanauplia;-;-;-;-
SAO-all-SRF-0-8-5-00_bin-484,Eukaryota;Archaeplastida;Chlorophyta;Mamiellophyceae;Mamiellales;Bathycoccaceae;Ostreococcus;Ostreococcus lucimarinus
SPO-all-SRF-0-8-5-00_bin-165,Eukaryota;Archaeplastida;Chlorophyta;-;-;-;-;-
MS-all-SRF-0-8-5-00_bin-310,Eukaryota;Hacrobia;Haptophyta;Prymnesiophyceae;-;-;-;-
MS-all-SRF-0-8-5-00_bin-226,Eukaryota;Archaeplastida;Chlorophyta;Mamiellophyceae;Mamiellales;Mamiellaceae;Micromonas;-
IO-all-SRF-0-8-5-00_bin-243,Eukaryota;-;-;-;-;-;-;-
SPO-all-DCM-0-8-5-00_bin-542,Eukaryota;Stramenopiles;Ochrophyta;Bolidophyceae;Parmales;-;-;-
SPO-all-SRF-180-2000-00_bin-279,Eukaryota;Stramenopiles;Ochrophyta;Bacillariophyta;Bacillariophyta_X;-;-;-
SO-all-SRF-180-2000-00_bin-3,Eukaryota;Stramenopiles;Ochrophyta;Bacillariophyta;-;-;-;-
NAO-all-SRF-0-8-5-00_bin-8,Eukaryota;Archaeplastida;Chlorophyta;Mamiellophyceae;Mamiellales;Mamiellaceae;Micromonas;-
NAO-all-SRF-0-8-5-00_bin-127,Eukaryota;Hacrobia;Haptophyta;Prymnesiophyceae;Isochrysidales;Noelaerhabdaceae;-;-
NAO-all-MIX-0-8-5-00_bin-39,Eukaryota;Metazoa;Arthropoda;-;-;-;-;-
SPO-SPSG-SRF-180-2000-00_bin-203,Eukaryota;Metazoa;Arthropoda;-;-;-;-;-
SAO-all-DCM-0-8-5-00_bin-431,Eukaryota;Hacrobia;Cryptophyta;Cryptophyceae;Cryptomonadales;-;-;-
IO-all-DCM-0-8-5-00_bin-111,Eukaryota;Hacrobia;Haptophyta;Prymnesiophyceae;-;-;-;-
IO-all-SRF-5-20-00_bin-74,Eukaryota;Metazoa;-;-;-;-;-;-
IO-all-SRF-180-2000-00_bin-21,Eukaryota;Metazoa;Arthropoda;Hexanauplia;-;-;-;-
SPO-CHIL-SRF-0-8-5-00_bin-249,Eukaryota;Archaeplastida;Chlorophyta;Mamiellophyceae;Mamiellales;Bathycoccaceae;Ostreococcus;Ostreococcus lucimarinus
SPO-all-SRF-20-180-00_bin-105,Eukaryota;Metazoa;Arthropoda;Hexanauplia;-;-;-;-
SPO-all-SRF-20-180-00_bin-190,Eukaryota;Metazoa;Arthropoda;Hexanauplia;-;-;-;-
MS-all-SRF-20-180-00_bin-80,Eukaryota;Metazoa;-;-;-;-;-;-
NAO-all-MIX-20-180-00_bin-37,Eukaryota;Metazoa;Arthropoda;-;-;-;-;-
SPO-SPSG-SRF-0-8-5-00_bin-234,Eukaryota;Archaeplastida;Chlorophyta;-;-;-;-;-
SPO-all-SRF-0-8-5-00_bin-551,Eukaryota;Archaeplastida;Chlorophyta;Mamiellophyceae;Mamiellales;Mamiellaceae;Micromonas;-
NPO-all-DCM-0-8-5-00_bin-223,Eukaryota;-;-;-;-;-;-;-
SPO-SPSG-SRF-20-180-00_bin-18,Eukaryota;Metazoa;Arthropoda;Hexanauplia;-;-;-;-
IO-all-SRF-0-8-5-00_bin-348,Eukaryota;-;-;-;-;-;-;-
SAO-all-SRF-20-180-00_bin-42,Eukaryota;Metazoa;Arthropoda;Hexanauplia;-;-;-;-
SAO-all-SRF-20-180-00_bin-80,Eukaryota;Metazoa;Chordata;-;-;-;-;-
SPO-PEOD-SRF-20-180-00_bin-45,Eukaryota;Metazoa;Arthropoda;Hexanauplia;-;-;-;-
NAO-all-DCM-0-8-5-00_bin-171,Eukaryota;Archaeplastida;Chlorophyta;Mamiellophyceae;Mamiellales;Mamiellaceae;Micromonas;Micromonas sp.
SPO-SPSG-DCM-20-180-00_bin-14,Eukaryota;Metazoa;Arthropoda;Hexanauplia;-;-;-;-
IO-all-SRF-0-8-5-00_bin-251,Eukaryota;-;-;-;-;-;-;-
SPO-all-SRF-5-20-00_bin-57,Eukaryota;Metazoa;-;-;-;-;-;-
NAO-all-SRF-0-8-5-00_bin-152,Eukaryota;-;-;-;-;-;-;-
SPO-all-SRF-180-2000-00_bin-146,Eukaryota;Metazoa;Arthropoda;-;-;-;-;-
SPO-SPSG-SRF-180-2000-00_bin-129,Eukaryota;Metazoa;-;-;-;-;-;-
IO-all-SRF-0-8-5-00_bin-504,Eukaryota;Hacrobia;Cryptophyta;Cryptophyceae;Cryptomonadales;-;-;-
SPO-SPSG-SRF-180-2000-00_bin-78,Eukaryota;Metazoa;Arthropoda;Hexanauplia;Calanoida;-;-;-
NAO-all-MIX-0-8-5-00_bin-238,Eukaryota;-;-;-;-;-;-;-
IO-all-DCM-20-180-00_bin-105,Eukaryota;Metazoa;Arthropoda;Hexanauplia;-;-;-;-
RS-all-SRF-20-180-00_bin-16,Eukaryota;Metazoa;Arthropoda;-;-;-;-;-
MS-all-SRF-20-180-00_bin-4,Eukaryota;Metazoa;Arthropoda;Hexanauplia;-;-;-;-
NPO-all-SRF-0-8-5-00_bin-341,Eukaryota;Metazoa;Arthropoda;Hexanauplia;-;-;-;-
SPO-PEOD-SRF-5-20-00_bin-8,Eukaryota;Archaeplastida;Chlorophyta;Chloropicophyceae;Chloropicales;-;-;-
NAO-all-SRF-180-2000-00_bin-81,Eukaryota;Metazoa;Arthropoda;Hexanauplia;-;-;-;-
SAO-all-DCM-0-8-5-00_bin-343,Eukaryota;Archaeplastida;Chlorophyta;Mamiellophyceae;Mamiellales;Bathycoccaceae;-;-
SPO-all-SRF-20-180-00_bin-23,Eukaryota;Metazoa;Arthropoda;Hexanauplia;-;-;-;-
SPO-all-SRF-20-180-00_bin-129,Eukaryota;Metazoa;Arthropoda;-;-;-;-;-
SPO-all-SRF-5-20-00_bin-111,Eukaryota;Archaeplastida;Chlorophyta;-;-;-;-;-
SPO-all-DCM-180-2000-00_bin-43,Eukaryota;Metazoa;Arthropoda;-;-;-;-;-
SPO-all-SRF-20-180-00_bin-21,Eukaryota;Alveolata;Ciliophora;Spirotrichea;-;-;-;-
NPO-all-DCM-0-8-5-00_bin-310,Eukaryota;Stramenopiles;Ochrophyta;Bolidophyceae;Parmales;-;-;-
SAO-all-SRF-0-8-5-00_bin-559,Eukaryota;-;-;-;-;-;-;-
MS-all-SRF-180-2000-00_bin-92,Eukaryota;Metazoa;Arthropoda;Hexanauplia;-;-;-;-
MS-all-SRF-0-8-5-00_bin-426,Eukaryota;Stramenopiles;Ochrophyta;Chrysophyceae;-;-;-;-
IO-all-SRF-20-180-00_bin-67,Eukaryota;Metazoa;Arthropoda;Hexanauplia;-;-;-;-
SO-all-DCM-0-8-5-00_bin-49,Eukaryota;-;-;-;-;-;-;-
SAO-all-SRF-0-8-5-00_bin-506,Eukaryota;Archaeplastida;Chlorophyta;Mamiellophyceae;Mamiellales;Bathycoccaceae;-;-
SPO-all-SRF-0-8-5-00_bin-825,Eukaryota;Stramenopiles;Ochrophyta;Bacillariophyta;Bacillariophyta_X;-;-;-
IO-all-SRF-180-2000-00_bin-72,Eukaryota;Metazoa;-;-;-;-;-;-
NAO-all-SRF-0-8-5-00_bin-307,Eukaryota;-;-;-;-;-;-;-
SAO-all-SRF-0-8-5-00_bin-327,Eukaryota;Hacrobia;Haptophyta;Prymnesiophyceae;Isochrysidales;-;-;-
NAO-all-SRF-0-8-5-00_bin-339,Eukaryota;Hacrobia;Cryptophyta;Cryptophyceae;Cryptomonadales;-;-;-
SAO-all-DCM-180-2000-00_bin-24,Eukaryota;Metazoa;Arthropoda;Hexanauplia;-;-;-;-
SPO-all-SRF-0-8-5-00_bin-394,Eukaryota;-;-;-;-;-;-;-
RS-all-DCM-20-180-00_bin-3,Eukaryota;Metazoa;Arthropoda;-;-;-;-;-
SPO-all-SRF-0-8-5-00_bin-102,Eukaryota;Archaeplastida;Chlorophyta;Chloropicophyceae;Chloropicales;-;-;-
MS-all-DCM-0-8-5-00_bin-224,Eukaryota;-;-;-;-;-;-;-
IO-all-MES-0-8-5-00_bin-59,Eukaryota;Opisthokonta;Fungi;Ascomycota;Saccharomycotina;-;-;-
SAO-all-DCM-0-8-5-00_bin-433,Eukaryota;Stramenopiles;Ochrophyta;Pelagophyceae;Pelagomonadales;Pelagomonadaceae;-;-
RS-all-SRF-20-180-00_bin-19,Eukaryota;Metazoa;Arthropoda;-;-;-;-;-
MS-all-DCM-0-8-5-00_bin-257,Eukaryota;Stramenopiles;Ochrophyta;Dictyochophyceae;-;-;-;-
IO-all-DCM-0-8-5-00_bin-323,Eukaryota;Archaeplastida;Chlorophyta;-;-;-;-;-
SAO-all-SRF-0-8-5-00_bin-575,Eukaryota;Archaeplastida;Chlorophyta;Palmophyllophyceae;Prasinococcales;Prasinococcales-Clade-B;Prasinoderma;Prasinoderma singularis
IO-all-DCM-0-8-5-00_bin-325,Eukaryota;-;-;-;-;-;-;-
NPO-all-SRF-20-180-00_bin-43,Eukaryota;Metazoa;Arthropoda;-;-;-;-;-
SPO-all-DCM-0-8-5-00_bin-566,Eukaryota;Archaeplastida;Chlorophyta;-;-;-;-;-
MS-all-SRF-180-2000-00_bin-27,Eukaryota;Metazoa;Arthropoda;Hexanauplia;-;-;-;-
SPO-SPSG-DCM-5-20-00_bin-33,Eukaryota;Archaeplastida;Chlorophyta;Chloropicophyceae;-;-;-;-
SPO-all-SRF-0-8-5-00_bin-807,Bacteria;Proteobacteria;-;-;-;-;-;-
SPO-SPSG-SRF-20-180-00_bin-178,Eukaryota;Metazoa;Arthropoda;Hexanauplia;-;-;-;-
IO-all-SRF-0-8-5-00_bin-141,Eukaryota;-;-;-;-;-;-;-
IO-all-FSW-0-8-5-00_bin-66,Eukaryota;-;-;-;-;-;-;-
NAO-all-MIX-0-8-5-00_bin-111,Eukaryota;Metazoa;Arthropoda;Hexanauplia;-;-;-;-
NPO-all-SRF-0-8-5-00_bin-575,Eukaryota;-;-;-;-;-;-;-
SPO-SPSG-SRF-20-180-00_bin-94,Eukaryota;Metazoa;Arthropoda;-;-;-;-;-
SPO-CHIL-DCM-20-180-00_bin-3,Eukaryota;Metazoa;Arthropoda;-;-;-;-;-
SPO-all-SRF-0-8-5-00_bin-975,Eukaryota;Archaeplastida;Chlorophyta;-;-;-;-;-
MS-all-SRF-0-8-5-00_bin-588,Eukaryota;Stramenopiles;Ochrophyta;Dictyochophyceae;-;-;-;-
NAO-all-SRF-0-8-5-00_bin-380,Eukaryota;-;-;-;-;-;-;-
NAO-all-SRF-0-8-5-00_bin-366,Eukaryota;Archaeplastida;Chlorophyta;Mamiellophyceae;Mamiellales;Bathycoccaceae;-;-
SAO-all-DCM-0-8-5-00_bin-37,Eukaryota;Stramenopiles;Ochrophyta;Pelagophyceae;Pelagomonadales;Pelagomonadaceae;Aureococcus;Aureococcus anophagefferens
MS-all-SRF-0-8-5-00_bin-661,Eukaryota;Stramenopiles;Ochrophyta;Dictyochophyceae;-;-;-;-
SPO-all-SRF-20-180-00_bin-51,Eukaryota;Metazoa;Arthropoda;Hexanauplia;-;-;-;-
IO-all-SRF-180-2000-00_bin-56,Eukaryota;Metazoa;Arthropoda;-;-;-;-;-
IO-all-SRF-180-2000-00_bin-62,Eukaryota;Metazoa;-;-;-;-;-;-
SPO-all-SRF-0-8-5-00_bin-318,Eukaryota;Stramenopiles;Ochrophyta;Dictyochophyceae;-;-;-;-
RS-all-SRF-0-8-5-00_bin-50,Eukaryota;Archaeplastida;Chlorophyta;Mamiellophyceae;Mamiellales;Bathycoccaceae;Bathycoccus;Bathycoccus prasinos
NPO-all-SRF-20-180-00_bin-48,Eukaryota;Metazoa;Arthropoda;Hexanauplia;-;-;-;-
SAO-all-SRF-5-20-00_bin-32,Eukaryota;Metazoa;-;-;-;-;-;-
SPO-SPSG-SRF-5-20-00_bin-3,Eukaryota;Metazoa;Arthropoda;Hexanauplia;-;-;-;-
IO-all-MES-0-8-5-00_bin-223,Eukaryota;-;-;-;-;-;-;-
NPO-all-SRF-0-8-5-00_bin-407,Eukaryota;Archaeplastida;Chlorophyta;-;-;-;-;-
SPO-all-SRF-180-2000-00_bin-31,Eukaryota;Metazoa;Arthropoda;Hexanauplia;-;-;-;-
SPO-all-SRF-180-2000-00_bin-49,Eukaryota;Metazoa;Arthropoda;Branchiopoda;Diplostraca;-;-;-
SAO-all-SRF-0-8-5-00_bin-212,Eukaryota;Archaeplastida;Chlorophyta;Mamiellophyceae;Mamiellales;Mamiellaceae;-;-
IO-all-SRF-5-20-00_bin-71,Eukaryota;Metazoa;-;-;-;-;-;-
SPO-all-SRF-0-8-5-00_bin-906,Eukaryota;Archaeplastida;Chlorophyta;Chloropicophyceae;-;-;-;-
NAO-all-SRF-0-8-5-00_bin-273,Eukaryota;-;-;-;-;-;-;-
MS-all-DCM-5-20-00_bin-7,Eukaryota;Metazoa;Arthropoda;Hexanauplia;-;-;-;-
IO-all-DCM-20-180-00_bin-38,Eukaryota;Metazoa;Arthropoda;Hexanauplia;-;-;-;-
SPO-all-SRF-20-180-00_bin-132,Eukaryota;Metazoa;Arthropoda;Hexanauplia;-;-;-;-
RS-all-SRF-20-180-00_bin-20,Eukaryota;Metazoa;Arthropoda;Hexanauplia;-;-;-;-
MS-all-SRF-0-8-5-00_bin-172,Eukaryota;Archaeplastida;Chlorophyta;Prasino-Clade-V;-;-;-;-
NAO-all-MIX-0-8-5-00_bin-174,Eukaryota;-;-;-;-;-;-;-
IO-all-SRF-0-8-5-00_bin-291,Eukaryota;-;-;-;-;-;-;-
SPO-all-SRF-0-8-5-00_bin-499,Eukaryota;-;-;-;-;-;-;-
SAO-all-SRF-20-180-00_bin-21,Eukaryota;Metazoa;Arthropoda;-;-;-;-;-
NPO-all-SRF-0-8-5-00_bin-105,Eukaryota;Archaeplastida;Chlorophyta;Palmophyllophyceae;Prasinococcales;Prasinococcales-Clade-B;Prasinoderma;Prasinoderma singularis
SPO-all-SRF-0-8-5-00_bin-496,Eukaryota;-;-;-;-;-;-;-
SAO-all-DCM-0-8-5-00_bin-245,Eukaryota;Stramenopiles;Ochrophyta;Pelagophyceae;Pelagomonadales;Pelagomonadaceae;-;-
NAO-all-DCM-20-180-00_bin-23,Eukaryota;Metazoa;Arthropoda;-;-;-;-;-
SAO-all-DCM-0-8-5-00_bin-540,Eukaryota;Archaeplastida;Chlorophyta;Prasino-Clade-V;Pseudoscourfieldiales;Pycnococcaceae;Pycnococcus;Pycnococcus provasolii
SPO-all-SRF-0-8-5-00_bin-922,Eukaryota;Hacrobia;Haptophyta;Prymnesiophyceae;-;-;-;-
SPO-all-DCM-0-8-5-00_bin-332,Eukaryota;Archaeplastida;Chlorophyta;Chloropicophyceae;Chloropicales;-;-;-
NPO-all-DCM-0-8-5-00_bin-249,Eukaryota;Stramenopiles;Ochrophyta;Bacillariophyta;Bacillariophyta_X;-;-;-
NAO-all-MIX-0-8-5-00_bin-258,Eukaryota;-;-;-;-;-;-;-
NPO-all-SRF-180-2000-00_bin-24,Eukaryota;Metazoa;Arthropoda;Hexanauplia;-;-;-;-
SPO-SPSG-SRF-0-8-5-00_bin-151,Eukaryota;Archaeplastida;Chlorophyta;Chloropicophyceae;-;-;-;-
SPO-all-DCM-0-8-5-00_bin-501,Eukaryota;-;-;-;-;-;-;-
MS-all-SRF-0-8-5-00_bin-298,Eukaryota;Archaeplastida;Chlorophyta;-;-;-;-;-
IO-all-SRF-20-180-00_bin-66,Eukaryota;Metazoa;Arthropoda;Hexanauplia;-;-;-;-
NPO-all-SRF-20-180-00_bin-8,Eukaryota;Metazoa;Arthropoda;Hexanauplia;-;-;-;-
SAO-all-SRF-0-8-5-00_bin-171,Eukaryota;Archaeplastida;Chlorophyta;Mamiellophyceae;Mamiellales;Bathycoccaceae;Bathycoccus;Bathycoccus prasinos
NAO-all-DCM-20-180-00_bin-17,Eukaryota;Metazoa;Arthropoda;Hexanauplia;-;-;-;-
SPO-SPSG-SRF-0-8-5-00_bin-578,Eukaryota;-;-;-;-;-;-;-
RS-all-SRF-20-180-00_bin-21,Eukaryota;Metazoa;Arthropoda;-;-;-;-;-
MS-all-SRF-20-180-00_bin-6,Eukaryota;Metazoa;Arthropoda;Hexanauplia;-;-;-;-
SPO-PEOD-SRF-5-20-00_bin-37,Eukaryota;Archaeplastida;Chlorophyta;-;-;-;-;-
MS-all-SRF-180-2000-00_bin-53,Eukaryota;Metazoa;Arthropoda;Hexanauplia;-;-;-;-
SPO-PEOD-MES-0-8-5-00_bin-1,Eukaryota;-;-;-;-;-;-;-
IO-all-SRF-20-180-00_bin-92,Eukaryota;Metazoa;Arthropoda;Hexanauplia;-;-;-;-
SPO-SPSG-SRF-0-8-5-00_bin-40,Eukaryota;-;-;-;-;-;-;-
IO-all-SRF-180-2000-00_bin-44,Eukaryota;Archaeplastida;Chlorophyta;-;-;-;-;-
SPO-SPSG-SRF-20-180-00_bin-164,Eukaryota;Metazoa;Arthropoda;Hexanauplia;-;-;-;-
SPO-all-SRF-180-2000-00_bin-141,Eukaryota;Metazoa;Chordata;Actinopteri;-;-;-;-
NAO-all-SRF-5-20-00_bin-31,Eukaryota;Metazoa;Arthropoda;Hexanauplia;-;-;-;-
IO-all-SRF-5-20-00_bin-65,Eukaryota;Archaeplastida;Chlorophyta;Chloropicophyceae;Chloropicales;-;-;-
NAO-all-SRF-180-2000-00_bin-59,Eukaryota;Metazoa;-;-;-;-;-;-
SPO-all-SRF-20-180-00_bin-146,Eukaryota;Metazoa;Arthropoda;Hexanauplia;-;-;-;-
SPO-SPSG-MIX-0-8-5-00_bin-132,Eukaryota;Archaeplastida;Chlorophyta;Chloropicophyceae;Chloropicales;Chloropicaceae;Chloropicon;-
MS-all-DCM-0-8-5-00_bin-442,Eukaryota;-;-;-;-;-;-;-
SPO-SPSG-SRF-5-20-00_bin-127,Eukaryota;Metazoa;Arthropoda;-;-;-;-;-
IO-all-SRF-0-8-5-00_bin-402,Eukaryota;-;-;-;-;-;-;-
SAO-all-DCM-0-8-5-00_bin-536,Eukaryota;Archaeplastida;Chlorophyta;Palmophyllophyceae;Prasinococcales;Prasinococcales-Clade-B;Prasinoderma;Prasinoderma singularis
SPO-SPSG-SRF-180-2000-00_bin-82,Eukaryota;Archaeplastida;Chlorophyta;Mamiellophyceae;Mamiellales;Bathycoccaceae;-;-
NPO-all-DCM-0-8-5-00_bin-211,Eukaryota;Archaeplastida;Chlorophyta;-;-;-;-;-
SAO-all-DCM-0-8-5-00_bin-350,Eukaryota;-;-;-;-;-;-;-
NPO-all-SRF-20-180-00_bin-31,Eukaryota;Metazoa;Arthropoda;-;-;-;-;-
IO-all-DCM-0-8-5-00_bin-36,Eukaryota;-;-;-;-;-;-;-
SAO-all-DCM-0-8-5-00_bin-200,Eukaryota;Stramenopiles;Ochrophyta;Bacillariophyta;-;-;-;-
IO-all-SRF-20-180-00_bin-73,Eukaryota;Metazoa;Arthropoda;-;-;-;-;-
IO-all-SRF-180-2000-00_bin-30,Eukaryota;Metazoa;-;-;-;-;-;-
NPO-all-SRF-0-8-5-00_bin-232,Eukaryota;Archaeplastida;Chlorophyta;Chloropicophyceae;-;-;-;-
NAO-all-DCM-0-8-5-00_bin-77,Eukaryota;-;-;-;-;-;-;-
SAO-all-SRF-0-8-5-00_bin-546,Eukaryota;Archaeplastida;Chlorophyta;Prasino-Clade-V;Pseudoscourfieldiales;Pycnococcaceae;Pycnococcus;Pycnococcus provasolii
RS-all-SRF-0-8-5-00_bin-83,Eukaryota;Archaeplastida;Chlorophyta;Mamiellophyceae;Mamiellales;Mamiellaceae;Micromonas;Micromonas sp.
SAO-all-DCM-0-8-5-00_bin-517,Eukaryota;Archaeplastida;Chlorophyta;Chloropicophyceae;Chloropicales;-;-;-
NAO-all-SRF-0-8-5-00_bin-507,Eukaryota;Archaeplastida;Chlorophyta;Mamiellophyceae;Mamiellales;Mamiellaceae;-;-
IO-all-SRF-0-8-5-00_bin-256,Eukaryota;-;-;-;-;-;-;-
IO-all-DCM-20-180-00_bin-54,Eukaryota;Metazoa;Arthropoda;-;-;-;-;-
IO-all-DCM-20-180-00_bin-49,Eukaryota;Metazoa;Arthropoda;Hexanauplia;-;-;-;-
SAO-all-SRF-0-8-5-00_bin-290,Eukaryota;Stramenopiles;Ochrophyta;Bacillariophyta;Bacillariophyta_X;-;-;-
SPO-SPSG-DCM-20-180-00_bin-1,Eukaryota;Metazoa;Arthropoda;Hexanauplia;-;-;-;-
SPO-SPSG-SRF-0-8-5-00_bin-580,Eukaryota;Stramenopiles;Ochrophyta;Bacillariophyta;Bacillariophyta_X;Polar-centric-Mediophyceae;Thalassiosira;-
MS-all-SRF-0-8-5-00_bin-198,Eukaryota;Hacrobia;Cryptophyta;Cryptophyceae;Cryptomonadales;-;-;-
SAO-all-DCM-0-8-5-00_bin-43,Eukaryota;Archaeplastida;Chlorophyta;-;-;-;-;-
NPO-all-DCM-20-180-00_bin-69,Eukaryota;Metazoa;Arthropoda;-;-;-;-;-
SPO-all-SRF-5-20-00_bin-20,Eukaryota;Stramenopiles;Ochrophyta;Bacillariophyta;-;-;-;-
MS-all-DCM-0-8-5-00_bin-147,Eukaryota;Archaeplastida;Chlorophyta;Mamiellophyceae;Mamiellales;Mamiellaceae;-;-
NAO-all-DCM-5-20-00_bin-19,Eukaryota;Metazoa;Arthropoda;-;-;-;-;-
NPO-all-SRF-5-20-00_bin-19,Eukaryota;Metazoa;Arthropoda;Hexanauplia;Calanoida;-;-;-
SAO-all-SRF-0-8-5-00_bin-545,Eukaryota;-;-;-;-;-;-;-
SPO-all-DCM-0-8-5-00_bin-527,Eukaryota;-;-;-;-;-;-;-
IO-all-SRF-0-8-5-00_bin-325,Eukaryota;Stramenopiles;Ochrophyta;Chrysophyceae;-;-;-;-
SPO-PEOD-SRF-20-180-00_bin-18,Eukaryota;Metazoa;Arthropoda;Hexanauplia;-;-;-;-
RS-all-SRF-0-8-5-00_bin-105,Eukaryota;Archaeplastida;Chlorophyta;-;-;-;-;-
SAO-all-SRF-0-8-5-00_bin-538,Eukaryota;Stramenopiles;-;-;-;-;-;-
SPO-all-SRF-20-180-00_bin-59,Eukaryota;Metazoa;Arthropoda;Hexanauplia;-;-;-;-
SAO-all-SRF-0-8-5-00_bin-200,Eukaryota;Hacrobia;Cryptophyta;Cryptophyceae;-;-;-;-
SPO-all-SRF-0-8-5-00_bin-234,Eukaryota;Hacrobia;Haptophyta;Prymnesiophyceae;-;-;-;-
NAO-all-SRF-20-180-00_bin-39,Eukaryota;Metazoa;Arthropoda;Hexanauplia;-;-;-;-
SPO-SPSG-SRF-20-180-00_bin-115,Eukaryota;Metazoa;Arthropoda;-;-;-;-;-
MS-all-SRF-180-2000-00_bin-26,Eukaryota;Metazoa;Arthropoda;Hexanauplia;Calanoida;-;-;-
IO-all-SRF-180-2000-00_bin-83,Eukaryota;-;-;-;-;-;-;-
NAO-all-DCM-0-8-5-00_bin-14,Eukaryota;-;-;-;-;-;-;-
NPO-all-DCM-20-180-00_bin-29,Eukaryota;Metazoa;Arthropoda;Hexanauplia;-;-;-;-
IO-all-SRF-20-180-00_bin-97,Eukaryota;Metazoa;Arthropoda;-;-;-;-;-
SAO-all-DCM-0-8-5-00_bin-322,Eukaryota;-;-;-;-;-;-;-
NAO-all-MIX-5-20-00_bin-5,Eukaryota;Metazoa;Arthropoda;Hexanauplia;-;-;-;-
NPO-all-DCM-20-180-00_bin-55,Eukaryota;Archaeplastida;Chlorophyta;-;-;-;-;-
SPO-PEOD-DCM-0-8-5-00_bin-80,Eukaryota;Archaeplastida;Chlorophyta;Mamiellophyceae;Mamiellales;Bathycoccaceae;Bathycoccus;-
IO-all-SRF-20-180-00_bin-121,Eukaryota;Metazoa;Arthropoda;Hexanauplia;-;-;-;-
SAO-all-SRF-0-8-5-00_bin-566,Eukaryota;Stramenopiles;Ochrophyta;Dictyochophyceae;Dictyochophyceae_X;-;-;-
SPO-all-SRF-180-2000-00_bin-263,Eukaryota;Metazoa;Arthropoda;-;-;-;-;-
SPO-PEOD-SRF-20-180-00_bin-12,Eukaryota;Metazoa;Arthropoda;Hexanauplia;-;-;-;-
SAO-all-DCM-0-8-5-00_bin-294,Eukaryota;-;-;-;-;-;-;-
NPO-all-SRF-0-8-5-00_bin-455,Eukaryota;-;-;-;-;-;-;-
SAO-all-DCM-0-8-5-00_bin-218,Eukaryota;Archaeplastida;Chlorophyta;Mamiellophyceae;Mamiellales;Bathycoccaceae;-;-
SO-all-SRF-0-8-5-00_bin-50,Eukaryota;-;-;-;-;-;-;-
MS-all-DCM-0-8-5-00_bin-256,Eukaryota;Archaeplastida;Chlorophyta;Mamiellophyceae;Mamiellales;Bathycoccaceae;Ostreococcus;Ostreococcus lucimarinus
NPO-all-SRF-0-8-5-00_bin-297,Eukaryota;Hacrobia;Haptophyta;Prymnesiophyceae;-;-;-;-
SAO-all-SRF-0-8-5-00_bin-266,Eukaryota;-;-;-;-;-;-;-
MS-all-SRF-20-180-00_bin-86,Eukaryota;Metazoa;Arthropoda;Hexanauplia;-;-;-;-
SPO-all-SRF-20-180-00_bin-188,Eukaryota;Metazoa;Arthropoda;Hexanauplia;-;-;-;-
SPO-SPSG-DCM-0-8-5-00_bin-224,Eukaryota;-;-;-;-;-;-;-
MS-all-SRF-5-20-00_bin-53,Eukaryota;Metazoa;Arthropoda;Hexanauplia;Calanoida;-;-;-
NPO-all-SRF-5-20-00_bin-20,Eukaryota;Archaeplastida;Chlorophyta;Chloropicophyceae;-;-;-;-
SAO-all-SRF-5-20-00_bin-14,Eukaryota;Stramenopiles;Ochrophyta;Bacillariophyta;-;-;-;-
NAO-all-MIX-0-8-5-00_bin-163,Eukaryota;Archaeplastida;Chlorophyta;Palmophyllophyceae;Prasinococcales;Prasinococcales-Clade-B;Prasinoderma;Prasinoderma singularis
NPO-all-DCM-20-180-00_bin-33,Eukaryota;Metazoa;Arthropoda;Hexanauplia;-;-;-;-
SPO-all-SRF-20-180-00_bin-125,Eukaryota;Archaeplastida;Chlorophyta;Chloropicophyceae;Chloropicales;Chloropicaceae;-;-
NPO-all-DCM-20-180-00_bin-21,Eukaryota;Metazoa;Arthropoda;-;-;-;-;-
SAO-all-SRF-20-180-00_bin-46,Eukaryota;Hacrobia;Haptophyta;Prymnesiophyceae;Phaeocystales;Phaeocystaceae;Phaeocystis;-
SPO-all-SRF-20-180-00_bin-185,Eukaryota;Metazoa;Arthropoda;Hexanauplia;-;-;-;-
SAO-all-SRF-0-8-5-00_bin-241,Eukaryota;-;-;-;-;-;-;-
MS-all-DCM-0-8-5-00_bin-366,Eukaryota;Hacrobia;Haptophyta;Prymnesiophyceae;-;-;-;-
MS-all-SRF-0-8-5-00_bin-125,Eukaryota;Archaeplastida;Chlorophyta;Chloropicophyceae;-;-;-;-
SAO-all-SRF-0-8-5-00_bin-583,Eukaryota;Stramenopiles;Ochrophyta;Dictyochophyceae;-;-;-;-
SPO-all-SRF-20-180-00_bin-52,Eukaryota;Metazoa;Arthropoda;-;-;-;-;-
SPO-SPSG-SRF-180-2000-00_bin-31,Eukaryota;Metazoa;-;-;-;-;-;-
SPO-SPSG-SRF-0-8-5-00_bin-164,Eukaryota;-;-;-;-;-;-;-
SO-all-SRF-0-8-5-00_bin-43,Eukaryota;-;-;-;-;-;-;-
IO-all-DCM-20-180-00_bin-57,Eukaryota;Archaeplastida;Chlorophyta;Mamiellophyceae;Mamiellales;Bathycoccaceae;-;-
SPO-all-SRF-0-8-5-00_bin-449,Eukaryota;-;-;-;-;-;-;-
SPO-all-SRF-0-8-5-00_bin-721,Eukaryota;-;-;-;-;-;-;-
IO-all-SRF-20-180-00_bin-119,Eukaryota;Metazoa;Arthropoda;-;-;-;-;-
NAO-all-SRF-0-8-5-00_bin-169,Eukaryota;Archaeplastida;Chlorophyta;Mamiellophyceae;Mamiellales;Bathycoccaceae;Ostreococcus;Ostreococcus lucimarinus
MS-all-DCM-180-2000-00_bin-15,Eukaryota;Metazoa;-;-;-;-;-;-
NPO-all-SRF-20-180-00_bin-76,Eukaryota;Archaeplastida;Chlorophyta;Chloropicophyceae;-;-;-;-
NAO-all-SRF-5-20-00_bin-25,Eukaryota;Metazoa;Arthropoda;-;-;-;-;-
SPO-SPSG-SRF-0-8-5-00_bin-277,Eukaryota;Archaeplastida;Chlorophyta;Chloropicophyceae;Chloropicales;Chloropicaceae;Chloropicon;-
MS-all-SRF-20-180-00_bin-18,Eukaryota;Metazoa;Arthropoda;Hexanauplia;-;-;-;-
IO-all-SRF-5-20-00_bin-121,Eukaryota;Stramenopiles;Ochrophyta;Bacillariophyta;Bacillariophyta_X;-;-;-
SAO-all-SRF-0-8-5-00_bin-141,Eukaryota;-;-;-;-;-;-;-
SO-all-DCM-180-2000-00_bin-14,Eukaryota;Metazoa;-;-;-;-;-;-
SPO-all-SRF-180-2000-00_bin-155,Eukaryota;Metazoa;-;-;-;-;-;-
SPO-all-DCM-0-8-5-00_bin-35,Eukaryota;Archaeplastida;Chlorophyta;Mamiellophyceae;Mamiellales;Bathycoccaceae;-;-
NAO-all-SRF-0-8-5-00_bin-76,Eukaryota;Hacrobia;Haptophyta;Prymnesiophyceae;-;-;-;-
SAO-all-DCM-180-2000-00_bin-10,Eukaryota;Metazoa;-;-;-;-;-;-
IO-all-DCM-20-180-00_bin-117,Eukaryota;Metazoa;Arthropoda;Hexanauplia;-;-;-;-
IO-all-SRF-0-8-5-00_bin-100,Eukaryota;Hacrobia;Haptophyta;Prymnesiophyceae;-;-;-;-
RS-all-SRF-20-180-00_bin-27,Eukaryota;Metazoa;Arthropoda;Hexanauplia;-;-;-;-
NPO-all-SRF-0-8-5-00_bin-250,Bacteria;Proteobacteria;-;-;-;-;-;-
IO-all-SRF-20-180-00_bin-43,Eukaryota;Metazoa;Arthropoda;Hexanauplia;-;-;-;-
SPO-SPSG-SRF-5-20-00_bin-72,Eukaryota;Metazoa;Arthropoda;Hexanauplia;-;-;-;-
MS-all-DCM-0-8-5-00_bin-636,Eukaryota;Archaeplastida;Chlorophyta;Mamiellophyceae;Mamiellales;Bathycoccaceae;Bathycoccus;Bathycoccus prasinos
SPO-CHIL-DCM-180-2000-00_bin-3,Eukaryota;Metazoa;-;-;-;-;-;-
MS-all-DCM-0-8-5-00_bin-94,Eukaryota;-;-;-;-;-;-;-
SAO-all-DCM-0-8-5-00_bin-447,Eukaryota;Alveolata;Dinoflagellata;Dinophyceae;-;-;-;-
NPO-all-SRF-0-8-5-00_bin-490,Eukaryota;Hacrobia;Haptophyta;Prymnesiophyceae;-;-;-;-
NPO-all-SRF-0-8-5-00_bin-329,Eukaryota;Stramenopiles;Ochrophyta;Chrysophyceae;-;-;-;-
NAO-all-MIX-20-180-00_bin-13,Eukaryota;Metazoa;Arthropoda;-;-;-;-;-
MS-all-DCM-0-8-5-00_bin-273,Eukaryota;Archaeplastida;Chlorophyta;Prasino-Clade-V;Pseudoscourfieldiales;Pycnococcaceae;Pycnococcus;Pycnococcus provasolii
SPO-SPSG-SRF-0-8-5-00_bin-290,Eukaryota;Stramenopiles;Ochrophyta;Dictyochophyceae;-;-;-;-
SPO-SPSG-SRF-20-180-00_bin-52,Eukaryota;Metazoa;-;-;-;-;-;-
MS-all-SRF-20-180-00_bin-27,Eukaryota;Metazoa;Arthropoda;-;-;-;-;-
MS-all-SRF-0-8-5-00_bin-318,Eukaryota;-;-;-;-;-;-;-
SAO-all-SRF-0-8-5-00_bin-618,Eukaryota;Hacrobia;Cryptophyta;Cryptophyceae;Cryptomonadales;-;-;-
SPO-all-SRF-5-20-00_bin-13,Eukaryota;Archaeplastida;Chlorophyta;Chloropicophyceae;-;-;-;-
MS-all-SRF-0-8-5-00_bin-131,Eukaryota;-;-;-;-;-;-;-
SPO-all-SRF-0-8-5-00_bin-1040,Eukaryota;-;-;-;-;-;-;-
NPO-all-DCM-20-180-00_bin-26,Eukaryota;Metazoa;Arthropoda;Hexanauplia;-;-;-;-
NAO-all-SRF-0-8-5-00_bin-334,Eukaryota;Archaeplastida;Chlorophyta;Chloropicophyceae;Chloropicales;-;-;-
SAO-all-SRF-0-8-5-00_bin-11,Eukaryota;Hacrobia;Haptophyta;Prymnesiophyceae;-;-;-;-
SPO-SPSG-SRF-20-180-00_bin-81,Eukaryota;Metazoa;-;-;-;-;-;-
NPO-all-DCM-0-8-5-00_bin-390,Eukaryota;-;-;-;-;-;-;-
IO-all-SRF-20-180-00_bin-36,Eukaryota;Metazoa;Arthropoda;-;-;-;-;-
SO-all-SRF-0-8-5-00_bin-45,Eukaryota;Hacrobia;Haptophyta;Prymnesiophyceae;Phaeocystales;Phaeocystaceae;Phaeocystis;-
SPO-SPSG-SRF-20-180-00_bin-100,Eukaryota;Metazoa;-;-;-;-;-;-
SPO-all-SRF-0-8-5-00_bin-25,Eukaryota;Archaeplastida;Chlorophyta;-;-;-;-;-
IO-all-SRF-180-2000-00_bin-79,Eukaryota;Metazoa;Arthropoda;Hexanauplia;-;-;-;-
SPO-CHIL-SRF-0-8-5-00_bin-122,Eukaryota;Archaeplastida;Chlorophyta;Mamiellophyceae;Mamiellales;Mamiellaceae;Micromonas;-
MS-all-SRF-0-8-5-00_bin-582,Eukaryota;-;-;-;-;-;-;-
NPO-all-SRF-0-8-5-00_bin-306,Eukaryota;Archaeplastida;Chlorophyta;-;-;-;-;-
SAO-all-SRF-0-8-5-00_bin-111,Eukaryota;Stramenopiles;Ochrophyta;Dictyochophyceae;-;-;-;-
SPO-all-SRF-0-8-5-00_bin-561,Eukaryota;-;-;-;-;-;-;-
IO-all-DCM-20-180-00_bin-62,Eukaryota;Archaeplastida;Chlorophyta;Mamiellophyceae;Mamiellales;Bathycoccaceae;Bathycoccus;-
NPO-all-DCM-5-20-00_bin-42,Eukaryota;Archaeplastida;Chlorophyta;Chloropicophyceae;-;-;-;-
SAO-all-DCM-0-8-5-00_bin-354,Eukaryota;-;-;-;-;-;-;-
RS-all-SRF-0-8-5-00_bin-17,Eukaryota;Stramenopiles;Ochrophyta;Bacillariophyta;Bacillariophyta_X;-;-;-
RS-all-SRF-180-2000-00_bin-8,Eukaryota;Metazoa;Arthropoda;-;-;-;-;-
NPO-all-MES-0-8-5-00_bin-198,Eukaryota;-;-;-;-;-;-;-
NAO-all-SRF-0-8-5-00_bin-142,Eukaryota;Archaeplastida;Chlorophyta;Mamiellophyceae;Mamiellales;Bathycoccaceae;Bathycoccus;Bathycoccus prasinos
SAO-all-SRF-180-2000-00_bin-37,Eukaryota;Metazoa;Arthropoda;Branchiopoda;Diplostraca;-;-;-
SPO-SPSG-SRF-0-8-5-00_bin-303,Eukaryota;Hacrobia;Haptophyta;Prymnesiophyceae;-;-;-;-
SAO-all-DCM-0-8-5-00_bin-320,Eukaryota;Archaeplastida;Chlorophyta;Mamiellophyceae;Mamiellales;Mamiellaceae;Micromonas;-
NAO-all-MIX-0-8-5-00_bin-170,Eukaryota;-;-;-;-;-;-;-
IO-all-SRF-0-8-5-00_bin-349,Eukaryota;-;-;-;-;-;-;-
NAO-all-SRF-0-8-5-00_bin-617,Eukaryota;Metazoa;-;-;-;-;-;-
NAO-all-MIX-0-8-5-00_bin-275,Eukaryota;Stramenopiles;Ochrophyta;Bolidophyceae;Parmales;Bolidomonadaceae;-;-
SPO-all-SRF-5-20-00_bin-77,Eukaryota;Metazoa;Arthropoda;-;-;-;-;-
SPO-all-SRF-20-180-00_bin-274,Eukaryota;Metazoa;Arthropoda;Hexanauplia;-;-;-;-
NAO-all-MIX-0-8-5-00_bin-192,Eukaryota;-;-;-;-;-;-;-
SO-all-DCM-180-2000-00_bin-6,Eukaryota;Hacrobia;Haptophyta;Prymnesiophyceae;Phaeocystales;Phaeocystaceae;Phaeocystis;-
SO-all-SRF-20-180-00_bin-23,Eukaryota;Metazoa;Arthropoda;-;-;-;-;-
NPO-all-DCM-0-8-5-00_bin-298,Eukaryota;Archaeplastida;Chlorophyta;-;-;-;-;-
SAO-all-SRF-20-180-00_bin-53,Eukaryota;Metazoa;Arthropoda;-;-;-;-;-
NAO-all-SRF-20-180-00_bin-41,Eukaryota;Metazoa;Arthropoda;Hexanauplia;Calanoida;-;-;-
SPO-SPSG-SRF-0-8-5-00_bin-614,Eukaryota;-;-;-;-;-;-;-
MS-all-DCM-5-20-00_bin-31,Eukaryota;Metazoa;Arthropoda;Hexanauplia;-;-;-;-
SPO-SPSG-SRF-0-8-5-00_bin-438,Eukaryota;Alveolata;Dinoflagellata;Dinophyceae;-;-;-;-
SPO-CHIL-MES-0-8-5-00_bin-26,Eukaryota;-;-;-;-;-;-;-
IO-all-DCM-0-8-5-00_bin-157,Eukaryota;-;-;-;-;-;-;-
NPO-all-SRF-180-2000-00_bin-5,Eukaryota;Metazoa;Arthropoda;Hexanauplia;-;-;-;-
SAO-all-SRF-0-8-5-00_bin-77,Eukaryota;-;-;-;-;-;-;-
IO-all-SRF-0-8-5-00_bin-166,Eukaryota;-;-;-;-;-;-;-
NAO-all-DCM-0-8-5-00_bin-38,Eukaryota;-;-;-;-;-;-;-
IO-all-DCM-20-180-00_bin-109,Eukaryota;Metazoa;Arthropoda;-;-;-;-;-
NAO-all-MIX-180-2000-00_bin-8,Eukaryota;Metazoa;Arthropoda;Hexanauplia;-;-;-;-
MS-all-SRF-0-8-5-00_bin-93,Eukaryota;Archaeplastida;Chlorophyta;Mamiellophyceae;Mamiellales;Mamiellaceae;-;-
SAO-all-SRF-180-2000-00_bin-9,Eukaryota;Hacrobia;Haptophyta;Prymnesiophyceae;Phaeocystales;Phaeocystaceae;Phaeocystis;-
NAO-all-MIX-0-8-5-00_bin-279,Eukaryota;-;-;-;-;-;-;-
IO-all-SRF-20-180-00_bin-53,Eukaryota;Metazoa;Arthropoda;Hexanauplia;-;-;-;-
RS-all-SRF-0-8-5-00_bin-55,Eukaryota;Archaeplastida;Chlorophyta;Prasino-Clade-V;Pseudoscourfieldiales;Pycnococcaceae;Pycnococcus;Pycnococcus provasolii
SPO-CHIL-SRF-20-180-00_bin-8,Eukaryota;Metazoa;Arthropoda;Hexanauplia;-;-;-;-
SPO-all-SRF-20-180-00_bin-134,Eukaryota;Alveolata;Ciliophora;Spirotrichea;-;-;-;-
MS-all-SRF-5-20-00_bin-24,Eukaryota;Metazoa;Arthropoda;-;-;-;-;-
SPO-SPSG-SRF-20-180-00_bin-127,Eukaryota;Metazoa;Arthropoda;-;-;-;-;-
NPO-all-SRF-20-180-00_bin-73,Eukaryota;Archaeplastida;Chlorophyta;-;-;-;-;-
SPO-SPSG-SRF-20-180-00_bin-188,Eukaryota;Metazoa;-;-;-;-;-;-
NPO-all-DCM-5-20-00_bin-24,Eukaryota;Archaeplastida;Chlorophyta;-;-;-;-;-
NPO-all-DCM-20-180-00_bin-3,Eukaryota;Metazoa;Arthropoda;-;-;-;-;-
SPO-SPSG-SRF-180-2000-00_bin-69,Eukaryota;Metazoa;Arthropoda;Hexanauplia;-;-;-;-
MS-all-DCM-0-8-5-00_bin-320,Eukaryota;Archaeplastida;Chlorophyta;Mamiellophyceae;Mamiellales;Bathycoccaceae;-;-
NAO-all-SRF-0-8-5-00_bin-419,Eukaryota;-;-;-;-;-;-;-
SPO-PEOD-SRF-0-8-5-00_bin-91,Eukaryota;Archaeplastida;Chlorophyta;-;-;-;-;-
SPO-CHIL-SRF-180-2000-00_bin-21,Eukaryota;Metazoa;-;-;-;-;-;-
SPO-all-SRF-20-180-00_bin-214,Eukaryota;Metazoa;Arthropoda;-;-;-;-;-
NPO-all-SRF-20-180-00_bin-24,Eukaryota;Metazoa;Arthropoda;Hexanauplia;-;-;-;-
SPO-SPSG-SRF-180-2000-00_bin-113,Eukaryota;Metazoa;Cnidaria;Anthozoa;Scleractinia;Pocilloporidae;Stylophora;-
SAO-all-SRF-180-2000-00_bin-19,Eukaryota;Metazoa;-;-;-;-;-;-
RS-all-SRF-180-2000-00_bin-3,Eukaryota;Metazoa;Arthropoda;Hexanauplia;-;-;-;-
SPO-CHIL-SRF-20-180-00_bin-16,Eukaryota;Metazoa;Arthropoda;-;-;-;-;-
SPO-all-SRF-20-180-00_bin-111,Eukaryota;Metazoa;Mollusca;Gastropoda;Aplysiida;-;-;-
SAO-all-MES-0-8-5-00_bin-71,Eukaryota;-;-;-;-;-;-;-
SPO-all-SRF-180-2000-00_bin-153,Eukaryota;Metazoa;-;-;-;-;-;-
MS-all-SRF-20-180-00_bin-23,Eukaryota;Metazoa;Arthropoda;Hexanauplia;-;-;-;-
SAO-all-SRF-5-20-00_bin-25,Eukaryota;-;-;-;-;-;-;-
SO-all-SRF-5-20-00_bin-34,Eukaryota;Stramenopiles;Ochrophyta;Bacillariophyta;Bacillariophyta_X;Raphid-pennate;-;-
NAO-all-DCM-0-8-5-00_bin-160,Eukaryota;Archaeplastida;Chlorophyta;Mamiellophyceae;Mamiellales;Mamiellaceae;Micromonas;-
SPO-SPSG-DCM-0-8-5-00_bin-150,Eukaryota;Archaeplastida;Chlorophyta;Chloropicophyceae;Chloropicales;-;-;-
SO-all-SRF-5-20-00_bin-63,Eukaryota;Metazoa;Arthropoda;-;-;-;-;-
SPO-all-SRF-0-8-5-00_bin-587,Eukaryota;Alveolata;Dinoflagellata;Dinophyceae;-;-;-;-
SAO-all-DCM-0-8-5-00_bin-441,Eukaryota;Stramenopiles;Ochrophyta;Bacillariophyta;Bacillariophyta_X;-;-;-
NPO-all-SRF-0-8-5-00_bin-249,Eukaryota;-;-;-;-;-;-;-
MS-all-SRF-5-20-00_bin-35,Eukaryota;Metazoa;Arthropoda;Hexanauplia;-;-;-;-
SPO-SPSG-SRF-0-8-5-00_bin-658,Eukaryota;Hacrobia;Cryptophyta;Cryptophyceae;Cryptomonadales;-;-;-
SPO-all-SRF-20-180-00_bin-268,Eukaryota;Metazoa;Arthropoda;Hexanauplia;-;-;-;-
SAO-all-DCM-0-8-5-00_bin-253,Eukaryota;-;-;-;-;-;-;-
SAO-all-SRF-180-2000-00_bin-47,Eukaryota;Metazoa;-;-;-;-;-;-
SO-all-SRF-5-20-00_bin-55,Eukaryota;Metazoa;Arthropoda;-;-;-;-;-
IO-all-SRF-180-2000-00_bin-58,Eukaryota;Metazoa;Arthropoda;Hexanauplia;-;-;-;-
NAO-all-SRF-0-8-5-00_bin-683,Eukaryota;-;-;-;-;-;-;-
SPO-PEOD-DCM-0-8-5-00_bin-54,Eukaryota;-;-;-;-;-;-;-
MS-all-DCM-20-180-00_bin-3,Eukaryota;Metazoa;Arthropoda;Hexanauplia;-;-;-;-
MS-all-SRF-5-20-00_bin-96,Eukaryota;Metazoa;Arthropoda;Hexanauplia;-;-;-;-
SPO-CHIL-SRF-0-8-5-00_bin-134,Eukaryota;Stramenopiles;Ochrophyta;Bacillariophyta;Bacillariophyta_X;-;-;-
MS-all-SRF-0-8-5-00_bin-16,Eukaryota;Stramenopiles;Ochrophyta;Chrysophyceae;-;-;-;-
MS-all-SRF-0-8-5-00_bin-405,Eukaryota;Stramenopiles;Ochrophyta;Chrysophyceae;-;-;-;-
MS-all-SRF-0-8-5-00_bin-158,Eukaryota;Stramenopiles;Ochrophyta;Dictyochophyceae;-;-;-;-
SPO-SPSG-SRF-0-8-5-00_bin-608,Eukaryota;Archaeplastida;Chlorophyta;Mamiellophyceae;Mamiellales;Bathycoccaceae;-;-
NAO-all-SRF-0-8-5-00_bin-745,Eukaryota;Archaeplastida;Chlorophyta;Chloropicophyceae;Chloropicales;-;-;-
SAO-all-SRF-180-2000-00_bin-28,Eukaryota;Metazoa;Arthropoda;Hexanauplia;Calanoida;Temoridae;-;-
MS-all-DCM-0-8-5-00_bin-290,Eukaryota;Stramenopiles;Ochrophyta;Dictyochophyceae;-;-;-;-
RS-all-SRF-0-8-5-00_bin-39,Eukaryota;Archaeplastida;Chlorophyta;Mamiellophyceae;Mamiellales;Bathycoccaceae;-;-
MS-all-SRF-20-180-00_bin-70,Eukaryota;Metazoa;Arthropoda;-;-;-;-;-
IO-all-DCM-0-8-5-00_bin-353,Eukaryota;Archaeplastida;Chlorophyta;Mamiellophyceae;Mamiellales;Bathycoccaceae;-;-
MS-all-DCM-180-2000-00_bin-18,Eukaryota;Metazoa;Arthropoda;Hexanauplia;-;-;-;-
SAO-all-DCM-0-8-5-00_bin-465,Eukaryota;-;-;-;-;-;-;-
NAO-all-SRF-180-2000-00_bin-73,Eukaryota;Metazoa;-;-;-;-;-;-
SAO-all-DCM-0-8-5-00_bin-159,Eukaryota;Hacrobia;Haptophyta;Prymnesiophyceae;Isochrysidales;-;-;-
MS-all-DCM-0-8-5-00_bin-322,Eukaryota;Archaeplastida;Chlorophyta;Prasino-Clade-V;-;-;-;-
NPO-all-SRF-20-180-00_bin-23,Eukaryota;Metazoa;Arthropoda;-;-;-;-;-
SPO-all-SRF-0-8-5-00_bin-835,Eukaryota;Hacrobia;Haptophyta;Prymnesiophyceae;-;-;-;-
MS-all-DCM-180-2000-00_bin-45,Eukaryota;Metazoa;Arthropoda;Branchiopoda;Diplostraca;-;-;-
NPO-all-DCM-20-180-00_bin-60,Eukaryota;Metazoa;-;-;-;-;-;-
SO-all-SRF-5-20-00_bin-17,Eukaryota;Metazoa;Arthropoda;-;-;-;-;-
IO-all-SRF-180-2000-00_bin-48,Eukaryota;Metazoa;-;-;-;-;-;-
SPO-all-SRF-180-2000-00_bin-136,Eukaryota;Metazoa;Cnidaria;Anthozoa;Scleractinia;Pocilloporidae;Stylophora;-
SAO-all-DCM-0-8-5-00_bin-440,Eukaryota;Hacrobia;Cryptophyta;Cryptophyceae;Cryptomonadales;-;-;-
SPO-SPSG-SRF-180-2000-00_bin-57,Eukaryota;Metazoa;-;-;-;-;-;-
IO-all-DCM-0-8-5-00_bin-320,Eukaryota;Archaeplastida;Chlorophyta;-;-;-;-;-
MS-all-SRF-0-8-5-00_bin-333,Eukaryota;Hacrobia;Haptophyta;Prymnesiophyceae;-;-;-;-
IO-all-SRF-0-8-5-00_bin-34,Eukaryota;Stramenopiles;Ochrophyta;Chrysophyceae;-;-;-;-
SPO-SPSG-SRF-20-180-00_bin-129,Eukaryota;Metazoa;-;-;-;-;-;-
NPO-all-SRF-0-8-5-00_bin-284,Eukaryota;-;-;-;-;-;-;-
SAO-all-DCM-0-8-5-00_bin-282,Eukaryota;Hacrobia;Haptophyta;Prymnesiophyceae;-;-;-;-
SPO-all-DCM-0-8-5-00_bin-575,Eukaryota;-;-;-;-;-;-;-
NAO-all-SRF-0-8-5-00_bin-662,Eukaryota;Stramenopiles;Ochrophyta;Bacillariophyta;Bacillariophyta_X;-;-;-
SPO-all-SRF-0-8-5-00_bin-460,Eukaryota;-;-;-;-;-;-;-
NAO-all-SRF-180-2000-00_bin-77,Eukaryota;Metazoa;-;-;-;-;-;-
IO-all-SRF-0-8-5-00_bin-538,Eukaryota;Stramenopiles;Ochrophyta;Bacillariophyta;Bacillariophyta_X;-;-;-
SPO-CHIL-SRF-180-2000-00_bin-57,Eukaryota;Metazoa;-;-;-;-;-;-
MS-all-SRF-20-180-00_bin-65,Eukaryota;Metazoa;Arthropoda;Hexanauplia;-;-;-;-
SPO-SPSG-DCM-20-180-00_bin-2,Eukaryota;Metazoa;Arthropoda;Hexanauplia;-;-;-;-
SPO-PEOD-DCM-0-8-5-00_bin-41,Eukaryota;Archaeplastida;Chlorophyta;-;-;-;-;-
NAO-all-SRF-0-8-5-00_bin-23,Eukaryota;Stramenopiles;Ochrophyta;Chrysophyceae;-;-;-;-
MS-all-SRF-20-180-00_bin-42,Eukaryota;Metazoa;Arthropoda;-;-;-;-;-
SPO-SPSG-SRF-20-180-00_bin-168,Eukaryota;Metazoa;Arthropoda;-;-;-;-;-
SAO-all-SRF-0-8-5-00_bin-628,Eukaryota;Stramenopiles;Ochrophyta;Dictyochophyceae;-;-;-;-
MS-all-SRF-20-180-00_bin-98,Eukaryota;Metazoa;Arthropoda;Hexanauplia;-;-;-;-
SAO-all-MES-0-8-5-00_bin-104,Eukaryota;Metazoa;-;-;-;-;-;-
SPO-all-SRF-20-180-00_bin-86,Eukaryota;Metazoa;Arthropoda;-;-;-;-;-
IO-all-SRF-0-8-5-00_bin-591,Eukaryota;Archaeplastida;Chlorophyta;-;-;-;-;-
SPO-all-SRF-0-8-5-00_bin-931,Eukaryota;Archaeplastida;Chlorophyta;-;-;-;-;-
SAO-all-SRF-0-8-5-00_bin-284,Eukaryota;Archaeplastida;Chlorophyta;-;-;-;-;-
SPO-SPSG-SRF-0-8-5-00_bin-427,Eukaryota;-;-;-;-;-;-;-
IO-all-SRF-5-20-00_bin-49,Eukaryota;Metazoa;Arthropoda;Hexanauplia;-;-;-;-
SPO-all-SRF-180-2000-00_bin-173,Eukaryota;Metazoa;Arthropoda;Hexanauplia;Calanoida;Temoridae;-;-
SPO-all-SRF-0-8-5-00_bin-469,Eukaryota;-;-;-;-;-;-;-
NAO-all-MIX-0-8-5-00_bin-117,Eukaryota;-;-;-;-;-;-;-
IO-all-DCM-0-8-5-00_bin-120,Eukaryota;Archaeplastida;Chlorophyta;Mamiellophyceae;Mamiellales;Mamiellaceae;Micromonas;Micromonas sp.
SPO-all-SRF-20-180-00_bin-40,Eukaryota;Metazoa;Arthropoda;-;-;-;-;-
MS-all-SRF-180-2000-00_bin-37,Eukaryota;Metazoa;Arthropoda;Branchiopoda;Diplostraca;-;-;-
RS-all-SRF-20-180-00_bin-8,Eukaryota;Metazoa;Arthropoda;-;-;-;-;-
IO-all-SRF-0-8-5-00_bin-260,Eukaryota;-;-;-;-;-;-;-
SAO-all-DCM-0-8-5-00_bin-409,Eukaryota;Archaeplastida;Chlorophyta;Mamiellophyceae;Mamiellales;Mamiellaceae;Micromonas;-
IO-all-SRF-20-180-00_bin-40,Eukaryota;Metazoa;Arthropoda;Hexanauplia;-;-;-;-
NAO-all-SRF-180-2000-00_bin-87,Eukaryota;Metazoa;-;-;-;-;-;-
SPO-all-SRF-180-2000-00_bin-23,Eukaryota;Metazoa;Arthropoda;Hexanauplia;-;-;-;-
SPO-all-SRF-0-8-5-00_bin-737,Eukaryota;-;-;-;-;-;-;-
SPO-all-SRF-20-180-00_bin-158,Eukaryota;Metazoa;-;-;-;-;-;-
SAO-all-SRF-0-8-5-00_bin-366,Eukaryota;Hacrobia;Haptophyta;Prymnesiophyceae;-;-;-;-
SPO-SPSG-SRF-180-2000-00_bin-122,Eukaryota;Metazoa;Arthropoda;Hexanauplia;-;-;-;-
SPO-SPSG-SRF-20-180-00_bin-96,Eukaryota;Metazoa;Arthropoda;Hexanauplia;-;-;-;-
SAO-all-DCM-0-8-5-00_bin-160,Eukaryota;Alveolata;Dinoflagellata;Dinophyceae;-;-;-;-
MS-all-SRF-0-8-5-00_bin-410,Eukaryota;Hacrobia;Cryptophyta;Cryptophyceae;Cryptomonadales;-;-;-
IO-all-SRF-5-20-00_bin-60,Eukaryota;Metazoa;-;-;-;-;-;-
NAO-all-MIX-0-8-5-00_bin-276,Eukaryota;-;-;-;-;-;-;-
IO-all-SRF-0-8-5-00_bin-109,Eukaryota;Stramenopiles;Ochrophyta;Chrysophyceae;-;-;-;-
SAO-all-SRF-180-2000-00_bin-33,Eukaryota;Metazoa;-;-;-;-;-;-
SPO-CHIL-SRF-20-180-00_bin-27,Eukaryota;Metazoa;Arthropoda;Hexanauplia;-;-;-;-
SPO-PEOD-DCM-20-180-00_bin-9,Eukaryota;Metazoa;Arthropoda;Hexanauplia;-;-;-;-
IO-all-SRF-0-8-5-00_bin-183,Eukaryota;-;-;-;-;-;-;-
SPO-SPSG-DCM-5-20-00_bin-40,Eukaryota;Archaeplastida;Chlorophyta;Chloropicophyceae;-;-;-;-
SPO-SPSG-SRF-180-2000-00_bin-35,Eukaryota;Metazoa;-;-;-;-;-;-
NAO-all-SRF-20-180-00_bin-6,Eukaryota;Metazoa;Arthropoda;Hexanauplia;-;-;-;-
SAO-all-SRF-0-8-5-00_bin-26,Eukaryota;Stramenopiles;Ochrophyta;Chrysophyceae;-;-;-;-
MS-all-SRF-20-180-00_bin-12,Eukaryota;Metazoa;Arthropoda;-;-;-;-;-
SPO-all-SRF-20-180-00_bin-225,Eukaryota;Metazoa;Arthropoda;Hexanauplia;-;-;-;-
IO-all-SRF-0-8-5-00_bin-380,Eukaryota;-;-;-;-;-;-;-
MS-all-DCM-180-2000-00_bin-14,Eukaryota;Metazoa;Arthropoda;-;-;-;-;-
MS-all-SRF-180-2000-00_bin-24,Eukaryota;Metazoa;Arthropoda;Branchiopoda;Diplostraca;-;-;-
SPO-SPSG-SRF-180-2000-00_bin-16,Eukaryota;Metazoa;-;-;-;-;-;-
SPO-SPSG-SRF-180-2000-00_bin-187,Eukaryota;Metazoa;-;-;-;-;-;-
NAO-all-SRF-180-2000-00_bin-49,Eukaryota;Metazoa;Arthropoda;Hexanauplia;-;-;-;-
SPO-all-SRF-0-8-5-00_bin-505,Eukaryota;Stramenopiles;Ochrophyta;Dictyochophyceae;-;-;-;-
IO-all-SRF-20-180-00_bin-89,Eukaryota;Metazoa;Arthropoda;Hexanauplia;-;-;-;-
SPO-all-SRF-0-8-5-00_bin-775,Eukaryota;-;-;-;-;-;-;-
SPO-all-SRF-20-180-00_bin-127,Eukaryota;Metazoa;Cnidaria;-;-;-;-;-
NPO-all-MES-0-8-5-00_bin-163,Eukaryota;-;-;-;-;-;-;-
SPO-SPSG-SRF-20-180-00_bin-99,Eukaryota;Metazoa;Arthropoda;Hexanauplia;-;-;-;-
NAO-all-MIX-0-8-5-00_bin-161,Eukaryota;Archaeplastida;Chlorophyta;Chloropicophyceae;Chloropicales;Chloropicaceae;-;-
SPO-all-SRF-0-8-5-00_bin-761,Eukaryota;Archaeplastida;Chlorophyta;Mamiellophyceae;Mamiellales;Bathycoccaceae;Ostreococcus;Ostreococcus lucimarinus
NAO-all-MIX-0-8-5-00_bin-130,Eukaryota;-;-;-;-;-;-;-
NAO-all-SRF-5-20-00_bin-26,Eukaryota;Metazoa;Arthropoda;-;-;-;-;-
SAO-all-DCM-20-180-00_bin-30,Eukaryota;Metazoa;Arthropoda;-;-;-;-;-
IO-all-SRF-0-8-5-00_bin-290,Eukaryota;Archaeplastida;Chlorophyta;-;-;-;-;-
NAO-all-MIX-0-8-5-00_bin-132,Eukaryota;-;-;-;-;-;-;-
NAO-all-SRF-20-180-00_bin-71,Eukaryota;Metazoa;Arthropoda;-;-;-;-;-
NAO-all-SRF-180-2000-00_bin-94,Eukaryota;Metazoa;Mollusca;Gastropoda;-;-;-;-
SPO-all-SRF-20-180-00_bin-171,Eukaryota;Metazoa;-;-;-;-;-;-
SPO-SPSG-SRF-20-180-00_bin-38,Eukaryota;Metazoa;Arthropoda;Hexanauplia;-;-;-;-
SPO-all-SRF-20-180-00_bin-110,Eukaryota;Metazoa;Arthropoda;Hexanauplia;-;-;-;-
NAO-all-SRF-0-8-5-00_bin-550,Eukaryota;Archaeplastida;Chlorophyta;Mamiellophyceae;Mamiellales;Mamiellaceae;Micromonas;Micromonas sp.
MS-all-SRF-5-20-00_bin-56,Eukaryota;Metazoa;Arthropoda;Hexanauplia;-;-;-;-
NAO-all-SRF-20-180-00_bin-19,Eukaryota;Metazoa;Arthropoda;Hexanauplia;-;-;-;-
SPO-SPSG-SRF-20-180-00_bin-109,Eukaryota;Metazoa;Arthropoda;Hexanauplia;Calanoida;-;-;-
NAO-all-SRF-20-180-00_bin-82,Eukaryota;Metazoa;Arthropoda;Hexanauplia;-;-;-;-
SO-all-SRF-20-180-00_bin-21,Eukaryota;Hacrobia;Haptophyta;Prymnesiophyceae;Phaeocystales;-;-;-
NAO-all-SRF-0-8-5-00_bin-300,Eukaryota;Hacrobia;Haptophyta;Prymnesiophyceae;-;-;-;-
SAO-all-SRF-0-8-5-00_bin-105,Eukaryota;-;-;-;-;-;-;-
SPO-SPSG-SRF-0-8-5-00_bin-673,Eukaryota;Archaeplastida;Chlorophyta;-;-;-;-;-
NPO-all-SRF-180-2000-00_bin-18,Eukaryota;Metazoa;Arthropoda;Hexanauplia;-;-;-;-
NAO-all-DCM-20-180-00_bin-25,Eukaryota;Metazoa;Arthropoda;Hexanauplia;-;-;-;-
NPO-all-DCM-0-8-5-00_bin-379,Eukaryota;Archaeplastida;Chlorophyta;Mamiellophyceae;Mamiellales;Bathycoccaceae;-;-
MS-all-SRF-5-20-00_bin-9,Eukaryota;Metazoa;Arthropoda;-;-;-;-;-
SPO-SPSG-DCM-20-180-00_bin-30,Eukaryota;Metazoa;Arthropoda;Hexanauplia;-;-;-;-
SPO-SPSG-SRF-20-180-00_bin-62,Eukaryota;Archaeplastida;Chlorophyta;Chloropicophyceae;Chloropicales;Chloropicaceae;-;-
IO-all-DCM-20-180-00_bin-48,Eukaryota;Metazoa;Arthropoda;Hexanauplia;-;-;-;-
NPO-all-SRF-0-8-5-00_bin-425,Eukaryota;Archaeplastida;Chlorophyta;-;-;-;-;-
IO-all-SRF-0-8-5-00_bin-312,Eukaryota;-;-;-;-;-;-;-
IO-all-DCM-5-20-00_bin-11,Eukaryota;Metazoa;Arthropoda;-;-;-;-;-
SAO-all-SRF-0-8-5-00_bin-32,Eukaryota;Stramenopiles;Ochrophyta;Bacillariophyta;Bacillariophyta_X;Polar-centric-Mediophyceae;-;-
SPO-SPSG-SRF-20-180-00_bin-153,Eukaryota;Metazoa;Mollusca;Gastropoda;Aplysiida;-;-;-
SPO-all-SRF-0-8-5-00_bin-849,Eukaryota;-;-;-;-;-;-;-
SAO-all-DCM-0-8-5-00_bin-516,Eukaryota;Hacrobia;Cryptophyta;Cryptophyceae;Cryptomonadales;-;-;-
SPO-all-DCM-0-8-5-00_bin-206,Eukaryota;-;-;-;-;-;-;-
NPO-all-SRF-5-20-00_bin-47,Eukaryota;Metazoa;-;-;-;-;-;-
MS-all-DCM-0-8-5-00_bin-323,Eukaryota;Archaeplastida;Chlorophyta;Mamiellophyceae;Mamiellales;Mamiellaceae;Micromonas;-
SPO-all-SRF-0-8-5-00_bin-1028,Eukaryota;Stramenopiles;Ochrophyta;Chrysophyceae;-;-;-;-
IO-all-SRF-180-2000-00_bin-7,Eukaryota;Metazoa;Arthropoda;Branchiopoda;Diplostraca;-;-;-
SAO-all-DCM-0-8-5-00_bin-75,Eukaryota;Stramenopiles;Ochrophyta;Dictyochophyceae;-;-;-;-
IO-all-SRF-0-8-5-00_bin-336,Eukaryota;-;-;-;-;-;-;-
NAO-all-SRF-0-8-5-00_bin-770,Eukaryota;Stramenopiles;-;-;-;-;-;-
SAO-all-DCM-0-8-5-00_bin-2,Eukaryota;Archaeplastida;Chlorophyta;Mamiellophyceae;Mamiellales;Mamiellaceae;Micromonas;Micromonas sp.
NPO-all-SRF-180-2000-00_bin-13,Eukaryota;Metazoa;Arthropoda;-;-;-;-;-
SPO-SPSG-SRF-0-8-5-00_bin-217,Eukaryota;Hacrobia;Haptophyta;Prymnesiophyceae;-;-;-;-
SPO-PEOD-SRF-20-180-00_bin-35,Eukaryota;Metazoa;Arthropoda;Hexanauplia;-;-;-;-
SPO-SPSG-SRF-0-8-5-00_bin-296,Eukaryota;-;-;-;-;-;-;-
IO-all-DCM-0-8-5-00_bin-107,Eukaryota;-;-;-;-;-;-;-
SAO-all-SRF-0-8-5-00_bin-59,Eukaryota;-;-;-;-;-;-;-
SO-all-DCM-0-8-5-00_bin-36,Eukaryota;-;-;-;-;-;-;-
SPO-SPSG-SRF-20-180-00_bin-130,Eukaryota;Metazoa;Arthropoda;Hexanauplia;-;-;-;-
NAO-all-SRF-20-180-00_bin-67,Eukaryota;Metazoa;Arthropoda;-;-;-;-;-
SAO-all-SRF-0-8-5-00_bin-195,Eukaryota;Stramenopiles;Ochrophyta;Dictyochophyceae;-;-;-;-
NAO-all-SRF-20-180-00_bin-32,Eukaryota;Metazoa;Arthropoda;-;-;-;-;-
NPO-all-SRF-180-2000-00_bin-25,Eukaryota;Metazoa;Arthropoda;Hexanauplia;-;-;-;-
SPO-PEOD-SRF-20-180-00_bin-32,Eukaryota;Metazoa;Arthropoda;-;-;-;-;-
SO-all-DCM-0-8-5-00_bin-35,Eukaryota;-;-;-;-;-;-;-
IO-all-SRF-0-8-5-00_bin-351,Eukaryota;-;-;-;-;-;-;-
NAO-all-SRF-0-8-5-00_bin-253,Eukaryota;Hacrobia;Haptophyta;Prymnesiophyceae;-;-;-;-
NPO-all-SRF-20-180-00_bin-1,Eukaryota;Metazoa;Arthropoda;Hexanauplia;-;-;-;-
SPO-all-SRF-20-180-00_bin-167,Eukaryota;Metazoa;Arthropoda;Hexanauplia;-;-;-;-
MS-all-SRF-0-8-5-00_bin-123,Eukaryota;Archaeplastida;Chlorophyta;Mamiellophyceae;Mamiellales;Bathycoccaceae;Ostreococcus;Ostreococcus lucimarinus
IO-all-SRF-0-8-5-00_bin-89,Eukaryota;Archaeplastida;Chlorophyta;-;-;-;-;-
MS-all-SRF-0-8-5-00_bin-580,Eukaryota;Hacrobia;Haptophyta;Prymnesiophyceae;Isochrysidales;Noelaerhabdaceae;-;-
SPO-all-SRF-20-180-00_bin-78,Eukaryota;Metazoa;Arthropoda;Hexanauplia;-;-;-;-
NAO-all-SRF-180-2000-00_bin-57,Eukaryota;Metazoa;-;-;-;-;-;-
NAO-all-MIX-0-8-5-00_bin-271,Eukaryota;Metazoa;Arthropoda;-;-;-;-;-
SPO-SPSG-SRF-180-2000-00_bin-2,Eukaryota;Metazoa;Arthropoda;Hexanauplia;-;-;-;-
NAO-all-MES-0-8-5-00_bin-268,Eukaryota;-;-;-;-;-;-;-
SAO-all-SRF-20-180-00_bin-59,Eukaryota;Metazoa;Arthropoda;Hexanauplia;-;-;-;-
IO-all-DCM-0-8-5-00_bin-12,Eukaryota;Hacrobia;Haptophyta;Prymnesiophyceae;-;-;-;-
SAO-all-DCM-0-8-5-00_bin-556,Eukaryota;-;-;-;-;-;-;-
IO-all-SRF-0-8-5-00_bin-80,Eukaryota;Stramenopiles;Ochrophyta;Dictyochophyceae;-;-;-;-
NPO-all-SRF-0-8-5-00_bin-15,Eukaryota;Stramenopiles;Ochrophyta;Dictyochophyceae;-;-;-;-
SAO-all-SRF-0-8-5-00_bin-42,Eukaryota;Stramenopiles;Ochrophyta;Bacillariophyta;Bacillariophyta_X;Polar-centric-Mediophyceae;-;-
SPO-all-SRF-5-20-00_bin-182,Eukaryota;Metazoa;Arthropoda;Hexanauplia;-;-;-;-
NAO-all-DCM-0-8-5-00_bin-34,Eukaryota;Hacrobia;Cryptophyta;Cryptophyceae;Cryptomonadales;-;-;-
SPO-all-SRF-5-20-00_bin-110,Eukaryota;Metazoa;-;-;-;-;-;-
IO-all-SRF-0-8-5-00_bin-502,Eukaryota;-;-;-;-;-;-;-
NPO-all-SRF-20-180-00_bin-41,Eukaryota;Metazoa;Arthropoda;Hexanauplia;-;-;-;-
SPO-SPSG-SRF-20-180-00_bin-113,Eukaryota;Metazoa;Arthropoda;Hexanauplia;-;-;-;-
IO-all-FSW-0-8-5-00_bin-83,Eukaryota;Archaeplastida;Chlorophyta;-;-;-;-;-
NAO-all-DCM-5-20-00_bin-6,Eukaryota;Metazoa;Arthropoda;Hexanauplia;Calanoida;-;-;-
NAO-all-SRF-20-180-00_bin-44,Eukaryota;Metazoa;Arthropoda;-;-;-;-;-
SAO-all-MES-0-8-5-00_bin-134,Eukaryota;Metazoa;Arthropoda;-;-;-;-;-
NPO-all-DCM-20-180-00_bin-38,Eukaryota;Metazoa;Arthropoda;Hexanauplia;-;-;-;-
IO-all-DCM-0-8-5-00_bin-147,Eukaryota;-;-;-;-;-;-;-
IO-all-SRF-0-8-5-00_bin-341,Eukaryota;Archaeplastida;Chlorophyta;-;-;-;-;-
SPO-SPSG-SRF-5-20-00_bin-57,Eukaryota;Metazoa;-;-;-;-;-;-
NAO-all-SRF-180-2000-00_bin-89,Eukaryota;Metazoa;Arthropoda;Hexanauplia;-;-;-;-
SPO-SPSG-SRF-180-2000-00_bin-1,Eukaryota;Metazoa;Arthropoda;Hexanauplia;-;-;-;-
SPO-SPSG-SRF-5-20-00_bin-108,Eukaryota;Metazoa;-;-;-;-;-;-
MS-all-DCM-180-2000-00_bin-37,Eukaryota;Metazoa;Arthropoda;Hexanauplia;-;-;-;-
SPO-all-SRF-0-8-5-00_bin-341,Eukaryota;Hacrobia;Haptophyta;Prymnesiophyceae;-;-;-;-
NAO-all-MIX-0-8-5-00_bin-96,Eukaryota;Archaeplastida;Chlorophyta;Chloropicophyceae;Chloropicales;-;-;-
SPO-SPSG-DCM-0-8-5-00_bin-173,Eukaryota;Archaeplastida;Chlorophyta;Mamiellophyceae;Mamiellales;Bathycoccaceae;Bathycoccus;-
RS-all-SRF-0-8-5-00_bin-7,Eukaryota;Hacrobia;Cryptophyta;Cryptophyceae;Cryptomonadales;-;-;-
NPO-all-SRF-0-8-5-00_bin-209,Eukaryota;Metazoa;-;-;-;-;-;-
SO-all-DCM-0-8-5-00_bin-41,Eukaryota;-;-;-;-;-;-;-
IO-all-SRF-0-8-5-00_bin-406,Eukaryota;Archaeplastida;Chlorophyta;Mamiellophyceae;Mamiellales;Mamiellaceae;Micromonas;-
IO-all-DCM-0-8-5-00_bin-306,Eukaryota;Archaeplastida;Chlorophyta;Mamiellophyceae;Mamiellales;Bathycoccaceae;Bathycoccus;Bathycoccus prasinos
SAO-all-DCM-180-2000-00_bin-12,Eukaryota;Metazoa;Arthropoda;Hexanauplia;-;-;-;-
SPO-PEOD-DCM-20-180-00_bin-4,Eukaryota;Metazoa;Arthropoda;-;-;-;-;-
SPO-PEOD-DCM-180-2000-00_bin-7,Eukaryota;Metazoa;Arthropoda;-;-;-;-;-
NAO-all-MES-0-8-5-00_bin-372,Eukaryota;-;-;-;-;-;-;-
MS-all-SRF-20-180-00_bin-10,Eukaryota;Metazoa;Arthropoda;Hexanauplia;-;-;-;-
IO-all-DCM-0-8-5-00_bin-230,Eukaryota;-;-;-;-;-;-;-
SPO-SPSG-SRF-20-180-00_bin-93,Eukaryota;Metazoa;Arthropoda;-;-;-;-;-
MS-all-SRF-0-8-5-00_bin-196,Eukaryota;Hacrobia;Haptophyta;Prymnesiophyceae;-;-;-;-
MS-all-SRF-20-180-00_bin-24,Eukaryota;Metazoa;Arthropoda;-;-;-;-;-
SPO-CHIL-SRF-0-8-5-00_bin-142,Eukaryota;Stramenopiles;Ochrophyta;Dictyochophyceae;-;-;-;-
IO-all-SRF-20-180-00_bin-71,Eukaryota;Metazoa;Arthropoda;Hexanauplia;-;-;-;-
SAO-all-SRF-0-8-5-00_bin-459,Eukaryota;Archaeplastida;Chlorophyta;Mamiellophyceae;Mamiellales;Mamiellaceae;Micromonas;-
NPO-all-SRF-5-20-00_bin-9,Eukaryota;Archaeplastida;Chlorophyta;-;-;-;-;-
SPO-all-SRF-180-2000-00_bin-68,Eukaryota;Metazoa;-;-;-;-;-;-
SPO-SPSG-MES-0-8-5-00_bin-179,Eukaryota;-;-;-;-;-;-;-
NAO-all-SRF-0-8-5-00_bin-297,Eukaryota;-;-;-;-;-;-;-
NPO-all-SRF-20-180-00_bin-18,Eukaryota;Metazoa;Arthropoda;-;-;-;-;-
MS-all-SRF-20-180-00_bin-44,Eukaryota;Metazoa;Arthropoda;Hexanauplia;-;-;-;-
SPO-SPSG-SRF-180-2000-00_bin-207,Eukaryota;Metazoa;-;-;-;-;-;-
NPO-all-SRF-0-8-5-00_bin-126,Eukaryota;Archaeplastida;Chlorophyta;-;-;-;-;-
SPO-all-SRF-0-8-5-00_bin-1039,Eukaryota;Metazoa;Arthropoda;Hexanauplia;-;-;-;-
NAO-all-SRF-180-2000-00_bin-24,Eukaryota;Metazoa;Arthropoda;Branchiopoda;Diplostraca;-;-;-
IO-all-SRF-0-8-5-00_bin-210,Eukaryota;-;-;-;-;-;-;-
SO-all-SRF-0-8-5-00_bin-97,Eukaryota;-;-;-;-;-;-;-
MS-all-SRF-0-8-5-00_bin-677,Eukaryota;-;-;-;-;-;-;-
SPO-SPSG-SRF-180-2000-00_bin-136,Eukaryota;Metazoa;-;-;-;-;-;-
NAO-all-MIX-180-2000-00_bin-13,Eukaryota;Metazoa;Arthropoda;-;-;-;-;-
IO-all-DCM-0-8-5-00_bin-344,Eukaryota;Stramenopiles;Ochrophyta;Bacillariophyta;Bacillariophyta_X;-;-;-
SPO-SPSG-MIX-0-8-5-00_bin-106,Eukaryota;-;-;-;-;-;-;-
SPO-all-SRF-0-8-5-00_bin-867,Eukaryota;Archaeplastida;Chlorophyta;Mamiellophyceae;Mamiellales;Bathycoccaceae;-;-
MS-all-DCM-20-180-00_bin-38,Eukaryota;Stramenopiles;Ochrophyta;Bacillariophyta;Bacillariophyta_X;-;-;-
SPO-all-SRF-0-8-5-00_bin-190,Eukaryota;Stramenopiles;Ochrophyta;Bacillariophyta;Bacillariophyta_X;Polar-centric-Mediophyceae;Thalassiosira;-
SAO-all-DCM-0-8-5-00_bin-191,Eukaryota;Stramenopiles;-;-;-;-;-;-
NAO-all-MIX-20-180-00_bin-17,Eukaryota;Metazoa;Arthropoda;-;-;-;-;-
SO-all-SRF-0-8-5-00_bin-39,Eukaryota;Archaeplastida;Chlorophyta;Mamiellophyceae;Mamiellales;Mamiellaceae;Micromonas;-
SAO-all-DCM-0-8-5-00_bin-481,Eukaryota;-;-;-;-;-;-;-
SAO-all-SRF-0-8-5-00_bin-297,Eukaryota;Stramenopiles;Ochrophyta;Bacillariophyta;Bacillariophyta_X;-;-;-
SPO-all-SRF-5-20-00_bin-55,Eukaryota;Archaeplastida;Chlorophyta;Chloropicophyceae;Chloropicales;-;-;-
NPO-all-SRF-0-8-5-00_bin-530,Eukaryota;Stramenopiles;Ochrophyta;Bacillariophyta;Bacillariophyta_X;-;-;-
NAO-all-SRF-0-8-5-00_bin-316,Eukaryota;-;-;-;-;-;-;-
SAO-all-DCM-0-8-5-00_bin-564,Eukaryota;Archaeplastida;Chlorophyta;Mamiellophyceae;Mamiellales;Bathycoccaceae;Ostreococcus;Ostreococcus lucimarinus
SAO-all-DCM-0-8-5-00_bin-539,Eukaryota;Archaeplastida;Chlorophyta;Mamiellophyceae;Mamiellales;Mamiellaceae;-;-
SPO-SPSG-SRF-0-8-5-00_bin-104,Eukaryota;-;-;-;-;-;-;-
RS-all-SRF-20-180-00_bin-30,Eukaryota;Metazoa;Arthropoda;Hexanauplia;-;-;-;-
NAO-all-SRF-0-8-5-00_bin-320,Eukaryota;Archaeplastida;Chlorophyta;Mamiellophyceae;Mamiellales;Mamiellaceae;Micromonas;-
SAO-all-DCM-0-8-5-00_bin-594,Eukaryota;Hacrobia;Haptophyta;Prymnesiophyceae;-;-;-;-
SPO-SPSG-SRF-180-2000-00_bin-159,Eukaryota;Metazoa;-;-;-;-;-;-
MS-all-DCM-20-180-00_bin-72,Eukaryota;Metazoa;Arthropoda;Hexanauplia;-;-;-;-
IO-all-SRF-0-8-5-00_bin-252,Eukaryota;Archaeplastida;Chlorophyta;-;-;-;-;-
SPO-CHIL-DCM-0-8-5-00_bin-39,Eukaryota;Archaeplastida;Chlorophyta;Mamiellophyceae;Mamiellales;Bathycoccaceae;Bathycoccus;-
SPO-all-SRF-180-2000-00_bin-164,Eukaryota;Metazoa;Arthropoda;-;-;-;-;-
MS-all-DCM-0-8-5-00_bin-53,Eukaryota;Archaeplastida;Chlorophyta;Mamiellophyceae;Mamiellales;Mamiellaceae;Micromonas;-
NAO-all-MIX-20-180-00_bin-20,Eukaryota;Metazoa;Arthropoda;Hexanauplia;-;-;-;-
NAO-all-MIX-180-2000-00_bin-9,Eukaryota;Metazoa;Arthropoda;Hexanauplia;-;-;-;-
NAO-all-SRF-180-2000-00_bin-33,Eukaryota;Metazoa;Arthropoda;Hexanauplia;-;-;-;-
NAO-all-SRF-0-8-5-00_bin-528,Eukaryota;Archaeplastida;Chlorophyta;Mamiellophyceae;Mamiellales;Bathycoccaceae;-;-
NAO-all-SRF-180-2000-00_bin-22,Eukaryota;Metazoa;Arthropoda;Hexanauplia;Calanoida;-;-;-
IO-all-SRF-5-20-00_bin-101,Eukaryota;Metazoa;Arthropoda;-;-;-;-;-
SAO-all-SRF-0-8-5-00_bin-325,Eukaryota;Hacrobia;Cryptophyta;Cryptophyceae;Cryptomonadales;-;-;-
IO-all-SRF-0-8-5-00_bin-174,Eukaryota;Stramenopiles;Ochrophyta;Chrysophyceae;-;-;-;-
RS-all-SRF-180-2000-00_bin-9,Eukaryota;Metazoa;Arthropoda;Hexanauplia;-;-;-;-
IO-all-SRF-0-8-5-00_bin-223,Eukaryota;-;-;-;-;-;-;-
NPO-all-SRF-180-2000-00_bin-22,Eukaryota;Metazoa;-;-;-;-;-;-
SAO-all-SRF-20-180-00_bin-78,Eukaryota;Metazoa;Arthropoda;Hexanauplia;-;-;-;-
NPO-all-DCM-20-180-00_bin-25,Eukaryota;Metazoa;Arthropoda;-;-;-;-;-
NAO-all-SRF-0-8-5-00_bin-411,Bacteria;Proteobacteria;-;-;-;-;-;-
SAO-all-SRF-5-20-00_bin-16,Eukaryota;-;-;-;-;-;-;-
MS-all-DCM-0-8-5-00_bin-612,Eukaryota;Archaeplastida;Chlorophyta;Mamiellophyceae;Mamiellales;Bathycoccaceae;-;-
IO-all-DCM-20-180-00_bin-66,Eukaryota;Metazoa;-;-;-;-;-;-
SPO-all-SRF-0-8-5-00_bin-508,Eukaryota;Archaeplastida;Chlorophyta;Chloropicophyceae;Chloropicales;-;-;-
IO-all-SRF-180-2000-00_bin-43,Eukaryota;Metazoa;Arthropoda;Hexanauplia;Calanoida;-;-;-
MS-all-SRF-180-2000-00_bin-95,Eukaryota;Metazoa;Arthropoda;-;-;-;-;-
NAO-all-SRF-0-8-5-00_bin-167,Eukaryota;Hacrobia;Haptophyta;Prymnesiophyceae;-;-;-;-
SAO-all-SRF-20-180-00_bin-61,Eukaryota;Metazoa;Arthropoda;Hexanauplia;-;-;-;-
MS-all-SRF-180-2000-00_bin-103,Eukaryota;Metazoa;Arthropoda;Hexanauplia;Calanoida;-;-;-
SAO-all-SRF-5-20-00_bin-29,Eukaryota;Stramenopiles;Ochrophyta;Bacillariophyta;-;-;-;-
NAO-all-DCM-20-180-00_bin-1,Eukaryota;Metazoa;Arthropoda;-;-;-;-;-
SPO-all-SRF-180-2000-00_bin-289,Eukaryota;Metazoa;-;-;-;-;-;-
NPO-all-SRF-180-2000-00_bin-11,Eukaryota;Metazoa;-;-;-;-;-;-
SPO-SPSG-SRF-20-180-00_bin-177,Eukaryota;Metazoa;-;-;-;-;-;-
SPO-all-SRF-180-2000-00_bin-228,Eukaryota;Metazoa;Arthropoda;Hexanauplia;-;-;-;-
SPO-SPSG-DCM-0-8-5-00_bin-88,Eukaryota;Archaeplastida;Chlorophyta;Chloropicophyceae;Chloropicales;-;-;-
IO-all-SRF-20-180-00_bin-128,Eukaryota;Metazoa;Arthropoda;-;-;-;-;-
SO-all-DCM-180-2000-00_bin-1,Eukaryota;Metazoa;-;-;-;-;-;-
SPO-all-SRF-20-180-00_bin-137,Eukaryota;Metazoa;-;-;-;-;-;-
IO-all-MES-0-8-5-00_bin-262,Eukaryota;Opisthokonta;Fungi;Ascomycota;Saccharomycotina;-;-;-
SPO-all-SRF-5-20-00_bin-108,Eukaryota;Archaeplastida;Chlorophyta;Chloropicophyceae;Chloropicales;Chloropicaceae;-;-
IO-all-SRF-20-180-00_bin-26,Eukaryota;Archaeplastida;Chlorophyta;-;-;-;-;-
SPO-all-SRF-0-8-5-00_bin-148,Eukaryota;-;-;-;-;-;-;-
IO-all-SRF-20-180-00_bin-82,Eukaryota;Metazoa;Arthropoda;-;-;-;-;-
SPO-SPSG-SRF-0-8-5-00_bin-374,Eukaryota;Hacrobia;Haptophyta;Prymnesiophyceae;-;-;-;-
SAO-all-SRF-0-8-5-00_bin-75,Eukaryota;Archaeplastida;Chlorophyta;Mamiellophyceae;Mamiellales;Mamiellaceae;Micromonas;-
SPO-SPSG-DCM-5-20-00_bin-1,Eukaryota;Archaeplastida;Chlorophyta;Chloropicophyceae;Chloropicales;Chloropicaceae;-;-
NAO-all-MIX-0-8-5-00_bin-204,Eukaryota;Hacrobia;Haptophyta;Prymnesiophyceae;-;-;-;-
SPO-all-DCM-0-8-5-00_bin-251,Eukaryota;-;-;-;-;-;-;-
RS-all-DCM-0-8-5-00_bin-46,Eukaryota;Archaeplastida;Chlorophyta;Mamiellophyceae;Mamiellales;Bathycoccaceae;Bathycoccus;Bathycoccus prasinos
SPO-all-SRF-0-8-5-00_bin-844,Eukaryota;-;-;-;-;-;-;-
SPO-SPSG-SRF-0-8-5-00_bin-642,Eukaryota;-;-;-;-;-;-;-
NAO-all-MIX-0-8-5-00_bin-142,Eukaryota;Stramenopiles;Ochrophyta;-;-;-;-;-
NPO-all-SRF-20-180-00_bin-49,Eukaryota;Metazoa;Arthropoda;-;-;-;-;-
SPO-SPSG-SRF-0-8-5-00_bin-329,Eukaryota;Hacrobia;Haptophyta;Prymnesiophyceae;-;-;-;-
MS-all-SRF-20-180-00_bin-36,Eukaryota;Metazoa;Arthropoda;-;-;-;-;-
IO-all-SRF-20-180-00_bin-79,Eukaryota;Metazoa;Arthropoda;Hexanauplia;-;-;-;-
IO-all-SRF-0-8-5-00_bin-126,Eukaryota;Hacrobia;Haptophyta;Prymnesiophyceae;-;-;-;-
SAO-all-SRF-20-180-00_bin-40,Eukaryota;Metazoa;Arthropoda;-;-;-;-;-
SPO-all-SRF-0-8-5-00_bin-93,Eukaryota;Alveolata;Dinoflagellata;Dinophyceae;-;-;-;-
IO-all-SRF-20-180-00_bin-10,Eukaryota;Metazoa;Arthropoda;Hexanauplia;-;-;-;-
IO-all-SRF-20-180-00_bin-115,Eukaryota;Metazoa;Arthropoda;Hexanauplia;Calanoida;-;-;-
MS-all-SRF-0-8-5-00_bin-251,Eukaryota;Stramenopiles;Ochrophyta;Chrysophyceae;-;-;-;-
NPO-all-SRF-0-8-5-00_bin-556,Eukaryota;Archaeplastida;Chlorophyta;Mamiellophyceae;Mamiellales;Bathycoccaceae;-;-
SO-all-SRF-0-8-5-00_bin-54,Eukaryota;-;-;-;-;-;-;-
SAO-all-DCM-0-8-5-00_bin-207,Eukaryota;-;-;-;-;-;-;-
SPO-all-SRF-0-8-5-00_bin-130,Eukaryota;Archaeplastida;Chlorophyta;Mamiellophyceae;Mamiellales;Bathycoccaceae;-;-
NPO-all-SRF-180-2000-00_bin-49,Eukaryota;Metazoa;Arthropoda;Hexanauplia;-;-;-;-
MS-all-DCM-0-8-5-00_bin-676,Eukaryota;-;-;-;-;-;-;-
SPO-all-DCM-180-2000-00_bin-31,Eukaryota;Metazoa;-;-;-;-;-;-
SPO-SPSG-DCM-0-8-5-00_bin-172,Eukaryota;Archaeplastida;Chlorophyta;Chloropicophyceae;Chloropicales;Chloropicaceae;-;-
SPO-SPSG-SRF-180-2000-00_bin-98,Eukaryota;Metazoa;Arthropoda;-;-;-;-;-
SPO-all-SRF-0-8-5-00_bin-226,Eukaryota;Hacrobia;Cryptophyta;Cryptophyceae;Cryptomonadales;-;-;-
NPO-all-DCM-20-180-00_bin-49,Eukaryota;Metazoa;Arthropoda;-;-;-;-;-
SAO-all-SRF-20-180-00_bin-71,Eukaryota;Metazoa;Arthropoda;Hexanauplia;-;-;-;-
NPO-all-SRF-180-2000-00_bin-33,Eukaryota;Metazoa;-;-;-;-;-;-
NAO-all-SRF-0-8-5-00_bin-631,Eukaryota;Archaeplastida;Chlorophyta;Mamiellophyceae;Mamiellales;Mamiellaceae;Micromonas;-
SPO-CHIL-DCM-0-8-5-00_bin-46,Eukaryota;Archaeplastida;Chlorophyta;Mamiellophyceae;Mamiellales;Bathycoccaceae;-;-
SO-all-SRF-20-180-00_bin-8,Eukaryota;Hacrobia;Haptophyta;Prymnesiophyceae;Phaeocystales;-;-;-
MS-all-SRF-0-8-5-00_bin-630,Eukaryota;Hacrobia;Cryptophyta;Cryptophyceae;-;-;-;-
SPO-all-SRF-0-8-5-00_bin-664,Eukaryota;Hacrobia;Haptophyta;Prymnesiophyceae;-;-;-;-
NAO-all-SRF-20-180-00_bin-85,Eukaryota;Metazoa;Arthropoda;-;-;-;-;-
SPO-all-SRF-0-8-5-00_bin-838,Eukaryota;Alveolata;Dinoflagellata;Dinophyceae;-;-;-;-
SPO-SPSG-SRF-180-2000-00_bin-96,Eukaryota;Metazoa;Arthropoda;-;-;-;-;-
NPO-all-MES-0-8-5-00_bin-101,Eukaryota;-;-;-;-;-;-;-
NAO-all-DCM-0-8-5-00_bin-13,Bacteria;Proteobacteria;-;-;-;-;-;-
IO-all-SRF-0-8-5-00_bin-250,Eukaryota;Archaeplastida;Chlorophyta;Mamiellophyceae;Mamiellales;Bathycoccaceae;-;-
SPO-all-SRF-5-20-00_bin-113,Eukaryota;Metazoa;Arthropoda;Hexanauplia;-;-;-;-
MS-all-SRF-180-2000-00_bin-86,Eukaryota;Metazoa;Arthropoda;Hexanauplia;-;-;-;-
SPO-SPSG-SRF-5-20-00_bin-21,Eukaryota;Metazoa;-;-;-;-;-;-
SPO-all-SRF-0-8-5-00_bin-986,Eukaryota;Archaeplastida;Chlorophyta;Palmophyllophyceae;Prasinococcales;Prasinococcales-Clade-B;Prasinoderma;Prasinoderma coloniale
MS-all-DCM-20-180-00_bin-45,Eukaryota;Metazoa;Arthropoda;-;-;-;-;-
RS-all-SRF-20-180-00_bin-1,Eukaryota;Metazoa;Arthropoda;Hexanauplia;-;-;-;-
SO-all-DCM-0-8-5-00_bin-74,Eukaryota;-;-;-;-;-;-;-
SPO-all-SRF-180-2000-00_bin-318,Eukaryota;Metazoa;Arthropoda;Hexanauplia;-;-;-;-
MS-all-SRF-0-8-5-00_bin-584,Eukaryota;Archaeplastida;Chlorophyta;Mamiellophyceae;Mamiellales;Mamiellaceae;Micromonas;-
NPO-all-DCM-20-180-00_bin-58,Eukaryota;Metazoa;Arthropoda;Hexanauplia;-;-;-;-
SPO-CHIL-MES-0-8-5-00_bin-22,Eukaryota;-;-;-;-;-;-;-
SPO-SPSG-SRF-20-180-00_bin-106,Eukaryota;Metazoa;Arthropoda;-;-;-;-;-
NPO-all-SRF-180-2000-00_bin-9,Eukaryota;Metazoa;Arthropoda;Hexanauplia;-;-;-;-
SAO-all-DCM-0-8-5-00_bin-181,Eukaryota;Hacrobia;Haptophyta;Prymnesiophyceae;-;-;-;-
NPO-all-DCM-0-8-5-00_bin-237,Eukaryota;Archaeplastida;Chlorophyta;-;-;-;-;-
MS-all-SRF-0-8-5-00_bin-425,Eukaryota;Archaeplastida;Chlorophyta;Mamiellophyceae;Mamiellales;Mamiellaceae;Micromonas;-
IO-all-SRF-20-180-00_bin-23,Eukaryota;Metazoa;Arthropoda;Hexanauplia;-;-;-;-
NAO-all-MIX-20-180-00_bin-28,Eukaryota;Metazoa;Arthropoda;-;-;-;-;-
SPO-PEOD-SRF-20-180-00_bin-15,Eukaryota;Metazoa;Arthropoda;Hexanauplia;-;-;-;-
SPO-SPSG-SRF-0-8-5-00_bin-672,Eukaryota;-;-;-;-;-;-;-
NAO-all-MIX-0-8-5-00_bin-34,Eukaryota;Archaeplastida;Chlorophyta;Mamiellophyceae;Mamiellales;Bathycoccaceae;-;-
SO-all-DCM-0-8-5-00_bin-52,Eukaryota;Stramenopiles;Ochrophyta;Bacillariophyta;Bacillariophyta_X;Raphid-pennate;-;-
SAO-all-MES-0-8-5-00_bin-199,Eukaryota;Metazoa;Arthropoda;-;-;-;-;-
SAO-all-DCM-0-8-5-00_bin-271,Eukaryota;Archaeplastida;Chlorophyta;Mamiellophyceae;Mamiellales;Bathycoccaceae;Bathycoccus;Bathycoccus prasinos
IO-all-SRF-5-20-00_bin-128,Eukaryota;Metazoa;Arthropoda;Hexanauplia;-;-;-;-
SPO-all-SRF-20-180-00_bin-173,Eukaryota;Metazoa;Arthropoda;-;-;-;-;-
NAO-all-SRF-20-180-00_bin-40,Eukaryota;Metazoa;Arthropoda;Hexanauplia;-;-;-;-
SPO-all-SRF-20-180-00_bin-88,Eukaryota;Archaeplastida;Chlorophyta;-;-;-;-;-
SAO-all-DCM-0-8-5-00_bin-62,Eukaryota;Archaeplastida;Chlorophyta;Pyramimonadales;Pyramimonadales_X;Pyramimonadales_XX;-;-
SPO-CHIL-SRF-20-180-00_bin-30,Eukaryota;Metazoa;Arthropoda;Hexanauplia;-;-;-;-
SAO-all-MES-0-8-5-00_bin-166,Eukaryota;Metazoa;Arthropoda;-;-;-;-;-
NAO-all-SRF-0-8-5-00_bin-120,Eukaryota;-;-;-;-;-;-;-
SPO-SPSG-SRF-20-180-00_bin-78,Eukaryota;Metazoa;Arthropoda;-;-;-;-;-
SAO-all-DCM-0-8-5-00_bin-428,Eukaryota;Stramenopiles;Ochrophyta;Chrysophyceae;-;-;-;-
NAO-all-MIX-0-8-5-00_bin-193,Eukaryota;Stramenopiles;Ochrophyta;Bacillariophyta;Bacillariophyta_X;Raphid-pennate;-;-
IO-all-SRF-0-8-5-00_bin-579,Eukaryota;Hacrobia;Haptophyta;Prymnesiophyceae;-;-;-;-
MS-all-SRF-20-180-00_bin-87,Eukaryota;Metazoa;Arthropoda;-;-;-;-;-
IO-all-DCM-20-180-00_bin-97,Eukaryota;Metazoa;Arthropoda;Hexanauplia;-;-;-;-
SPO-SPSG-DCM-20-180-00_bin-32,Eukaryota;Metazoa;Arthropoda;-;-;-;-;-
NAO-all-MIX-20-180-00_bin-35,Eukaryota;Metazoa;Arthropoda;Hexanauplia;-;-;-;-
SO-all-SRF-0-8-5-00_bin-20,Eukaryota;Stramenopiles;Ochrophyta;Bacillariophyta;Bacillariophyta_X;Raphid-pennate;-;-
MS-all-SRF-0-8-5-00_bin-161,Eukaryota;Stramenopiles;Ochrophyta;Chrysophyceae;-;-;-;-
NPO-all-SRF-0-8-5-00_bin-32,Eukaryota;-;-;-;-;-;-;-
SAO-all-DCM-20-180-00_bin-23,Eukaryota;Metazoa;Arthropoda;Hexanauplia;-;-;-;-
SPO-all-SRF-180-2000-00_bin-184,Eukaryota;Metazoa;-;-;-;-;-;-
SPO-PEOD-SRF-0-8-5-00_bin-27,Bacteria;Proteobacteria;-;-;-;-;-;-
NPO-all-SRF-20-180-00_bin-86,Eukaryota;Metazoa;Arthropoda;Hexanauplia;-;-;-;-
SPO-SPSG-SRF-20-180-00_bin-182,Eukaryota;Metazoa;Arthropoda;Hexanauplia;-;-;-;-
SPO-PEOD-DCM-20-180-00_bin-18,Eukaryota;Metazoa;Arthropoda;-;-;-;-;-
IO-all-DCM-180-2000-00_bin-25,Eukaryota;Metazoa;Arthropoda;Hexanauplia;-;-;-;-
IO-all-SRF-0-8-5-00_bin-548,Eukaryota;Stramenopiles;Ochrophyta;Chrysophyceae;-;-;-;-
SPO-all-SRF-20-180-00_bin-70,Eukaryota;Metazoa;-;-;-;-;-;-
SPO-all-SRF-20-180-00_bin-126,Eukaryota;Metazoa;Arthropoda;Hexanauplia;Calanoida;-;-;-
SPO-SPSG-SRF-5-20-00_bin-80,Eukaryota;Metazoa;Arthropoda;Hexanauplia;-;-;-;-
SPO-SPSG-SRF-0-8-5-00_bin-66,Eukaryota;Alveolata;Dinoflagellata;Dinophyceae;-;-;-;-
IO-all-DCM-0-8-5-00_bin-17,Eukaryota;Archaeplastida;Chlorophyta;-;-;-;-;-
NAO-all-SRF-0-8-5-00_bin-516,Eukaryota;-;-;-;-;-;-;-
NAO-all-MIX-20-180-00_bin-57,Eukaryota;Metazoa;Arthropoda;Hexanauplia;-;-;-;-
MS-all-DCM-20-180-00_bin-84,Eukaryota;Metazoa;Arthropoda;-;-;-;-;-
NPO-all-SRF-0-8-5-00_bin-146,Eukaryota;Stramenopiles;Ochrophyta;Chrysophyceae;-;-;-;-
SAO-all-DCM-0-8-5-00_bin-248,Eukaryota;-;-;-;-;-;-;-
SAO-all-SRF-0-8-5-00_bin-333,Eukaryota;Stramenopiles;Ochrophyta;Bacillariophyta;Bacillariophyta_X;Raphid-pennate;-;-
SO-all-SRF-0-8-5-00_bin-90,Eukaryota;Hacrobia;Haptophyta;Prymnesiophyceae;Phaeocystales;Phaeocystaceae;-;-
MS-all-SRF-20-180-00_bin-58,Eukaryota;Metazoa;Arthropoda;Hexanauplia;-;-;-;-
SPO-all-SRF-20-180-00_bin-151,Eukaryota;Metazoa;Arthropoda;-;-;-;-;-
NPO-all-SRF-5-20-00_bin-29,Eukaryota;Metazoa;Arthropoda;Hexanauplia;-;-;-;-
SPO-all-SRF-5-20-00_bin-118,Eukaryota;Metazoa;Arthropoda;Hexanauplia;-;-;-;-
MS-all-SRF-0-8-5-00_bin-250,Eukaryota;Stramenopiles;Ochrophyta;Dictyochophyceae;-;-;-;-
SAO-all-DCM-0-8-5-00_bin-60,Eukaryota;Hacrobia;Haptophyta;Prymnesiophyceae;Phaeocystales;Phaeocystaceae;Phaeocystis;-
SPO-all-SRF-20-180-00_bin-12,Eukaryota;Metazoa;-;-;-;-;-;-
NPO-all-SRF-20-180-00_bin-25,Eukaryota;Metazoa;Arthropoda;-;-;-;-;-
NAO-all-SRF-20-180-00_bin-8,Eukaryota;Metazoa;Arthropoda;Hexanauplia;-;-;-;-
MS-all-SRF-180-2000-00_bin-111,Eukaryota;Metazoa;Arthropoda;-;-;-;-;-
SPO-all-DCM-0-8-5-00_bin-127,Eukaryota;Archaeplastida;Chlorophyta;Mamiellophyceae;Mamiellales;Bathycoccaceae;Bathycoccus;-
NAO-all-MIX-180-2000-00_bin-12,Eukaryota;Metazoa;Arthropoda;Hexanauplia;-;-;-;-
NAO-all-MES-0-8-5-00_bin-73,Eukaryota;-;-;-;-;-;-;-
NPO-all-DCM-20-180-00_bin-73,Eukaryota;Metazoa;Arthropoda;-;-;-;-;-
SPO-all-SRF-20-180-00_bin-202,Eukaryota;Metazoa;Arthropoda;Hexanauplia;-;-;-;-
MS-all-DCM-20-180-00_bin-41,Eukaryota;Metazoa;Arthropoda;-;-;-;-;-
SAO-all-DCM-20-180-00_bin-16,Eukaryota;Metazoa;Arthropoda;Hexanauplia;-;-;-;-
IO-all-DCM-20-180-00_bin-103,Eukaryota;Metazoa;Arthropoda;-;-;-;-;-
MS-all-SRF-180-2000-00_bin-83,Eukaryota;Metazoa;-;-;-;-;-;-
SPO-all-SRF-180-2000-00_bin-112,Eukaryota;Metazoa;-;-;-;-;-;-
SPO-CHIL-SRF-0-8-5-00_bin-39,Eukaryota;Archaeplastida;Chlorophyta;Mamiellophyceae;Mamiellales;Bathycoccaceae;-;-
SAO-all-SRF-5-20-00_bin-54,Eukaryota;Metazoa;-;-;-;-;-;-
SPO-SPSG-DCM-20-180-00_bin-23,Eukaryota;Metazoa;Arthropoda;-;-;-;-;-
MS-all-DCM-20-180-00_bin-25,Eukaryota;Metazoa;Arthropoda;-;-;-;-;-
SO-all-DCM-0-8-5-00_bin-59,Eukaryota;-;-;-;-;-;-;-
IO-all-DCM-180-2000-00_bin-20,Eukaryota;Metazoa;-;-;-;-;-;-
IO-all-DCM-0-8-5-00_bin-21,Eukaryota;-;-;-;-;-;-;-
NPO-all-SRF-20-180-00_bin-72,Eukaryota;Metazoa;Arthropoda;-;-;-;-;-
SO-all-DCM-180-2000-00_bin-17,Eukaryota;Metazoa;-;-;-;-;-;-
IO-all-SRF-20-180-00_bin-109,Eukaryota;Metazoa;Arthropoda;Hexanauplia;-;-;-;-
NAO-all-DCM-20-180-00_bin-20,Eukaryota;Metazoa;Arthropoda;Hexanauplia;-;-;-;-
IO-all-SRF-0-8-5-00_bin-105,Eukaryota;Stramenopiles;Ochrophyta;Chrysophyceae;-;-;-;-
SPO-all-SRF-180-2000-00_bin-311,Eukaryota;Metazoa;-;-;-;-;-;-
IO-all-SRF-0-8-5-00_bin-22,Eukaryota;Archaeplastida;Chlorophyta;Mamiellophyceae;Mamiellales;Bathycoccaceae;Bathycoccus;Bathycoccus prasinos
MS-all-SRF-5-20-00_bin-93,Eukaryota;Metazoa;Arthropoda;Hexanauplia;-;-;-;-
SPO-SPSG-SRF-180-2000-00_bin-205,Eukaryota;Metazoa;Arthropoda;Branchiopoda;Diplostraca;-;-;-
SPO-SPSG-SRF-20-180-00_bin-68,Eukaryota;Metazoa;Arthropoda;Hexanauplia;-;-;-;-
SPO-PEOD-MES-0-8-5-00_bin-17,Eukaryota;-;-;-;-;-;-;-
MS-all-SRF-20-180-00_bin-81,Eukaryota;Metazoa;Arthropoda;Hexanauplia;Calanoida;-;-;-
NPO-all-SRF-180-2000-00_bin-29,Eukaryota;Metazoa;-;-;-;-;-;-
SAO-all-MES-0-8-5-00_bin-99,Eukaryota;Metazoa;Arthropoda;-;-;-;-;-
SPO-SPSG-SRF-180-2000-00_bin-10,Eukaryota;Metazoa;-;-;-;-;-;-
SPO-SPSG-DCM-20-180-00_bin-25,Eukaryota;Metazoa;Arthropoda;-;-;-;-;-
IO-all-SRF-0-8-5-00_bin-446,Eukaryota;-;-;-;-;-;-;-
IO-all-DCM-5-20-00_bin-2,Eukaryota;-;-;-;-;-;-;-
SPO-all-SRF-180-2000-00_bin-28,Eukaryota;Archaeplastida;Chlorophyta;Mamiellophyceae;Mamiellales;Bathycoccaceae;-;-
NAO-all-SRF-0-8-5-00_bin-499,Eukaryota;Archaeplastida;Chlorophyta;Palmophyllophyceae;Prasinococcales;Prasinococcales-Clade-B;Prasinoderma;Prasinoderma singularis
IO-all-SRF-0-8-5-00_bin-302,Eukaryota;-;-;-;-;-;-;-
SAO-all-DCM-0-8-5-00_bin-587,Eukaryota;-;-;-;-;-;-;-
NAO-all-SRF-20-180-00_bin-84,Eukaryota;Metazoa;Arthropoda;Hexanauplia;-;-;-;-
SPO-all-SRF-20-180-00_bin-160,Eukaryota;Metazoa;Arthropoda;Hexanauplia;Calanoida;-;-;-
SAO-all-DCM-20-180-00_bin-3,Eukaryota;Metazoa;Arthropoda;Hexanauplia;-;-;-;-
NAO-all-DCM-0-8-5-00_bin-131,Eukaryota;Archaeplastida;Chlorophyta;Mamiellophyceae;Mamiellales;Bathycoccaceae;Bathycoccus;Bathycoccus prasinos
MS-all-SRF-180-2000-00_bin-8,Eukaryota;Metazoa;Arthropoda;Hexanauplia;-;-;-;-
IO-all-SRF-20-180-00_bin-131,Eukaryota;Alveolata;Ciliophora;Spirotrichea;-;-;-;-
SPO-all-SRF-20-180-00_bin-172,Eukaryota;Metazoa;Arthropoda;Hexanauplia;-;-;-;-
SPO-all-SRF-5-20-00_bin-152,Eukaryota;Metazoa;-;-;-;-;-;-
IO-all-SRF-20-180-00_bin-144,Eukaryota;Alveolata;Ciliophora;Spirotrichea;-;-;-;-
SAO-all-MES-0-8-5-00_bin-141,Eukaryota;-;-;-;-;-;-;-
NAO-all-SRF-0-8-5-00_bin-231,Eukaryota;Archaeplastida;Chlorophyta;Prasino-Clade-V;Pseudoscourfieldiales;Pycnococcaceae;Pycnococcus;Pycnococcus provasolii
RS-all-SRF-0-8-5-00_bin-32,Eukaryota;Hacrobia;Haptophyta;Prymnesiophyceae;-;-;-;-
SAO-all-SRF-20-180-00_bin-19,Eukaryota;Metazoa;Arthropoda;Hexanauplia;-;-;-;-
SPO-all-SRF-20-180-00_bin-54,Eukaryota;Metazoa;Arthropoda;Hexanauplia;-;-;-;-
SPO-PEOD-SRF-20-180-00_bin-25,Eukaryota;Metazoa;Arthropoda;Hexanauplia;-;-;-;-
IO-all-SRF-0-8-5-00_bin-529,Eukaryota;Archaeplastida;Chlorophyta;Mamiellophyceae;Mamiellales;Mamiellaceae;-;-
NPO-all-SRF-20-180-00_bin-46,Eukaryota;Metazoa;Arthropoda;-;-;-;-;-
SPO-all-SRF-0-8-5-00_bin-880,Eukaryota;Hacrobia;Haptophyta;Prymnesiophyceae;-;-;-;-
SPO-all-SRF-0-8-5-00_bin-716,Eukaryota;-;-;-;-;-;-;-
SPO-SPSG-SRF-20-180-00_bin-59,Eukaryota;Metazoa;Arthropoda;Hexanauplia;-;-;-;-
IO-all-SRF-20-180-00_bin-30,Eukaryota;Metazoa;Arthropoda;Hexanauplia;-;-;-;-
SPO-SPSG-SRF-0-8-5-00_bin-560,Eukaryota;Archaeplastida;Chlorophyta;-;-;-;-;-
SPO-SPSG-SRF-20-180-00_bin-158,Eukaryota;Metazoa;Arthropoda;Hexanauplia;-;-;-;-
SO-all-SRF-5-20-00_bin-18,Eukaryota;Stramenopiles;Ochrophyta;Bacillariophyta;-;-;-;-
SPO-SPSG-SRF-0-8-5-00_bin-82,Eukaryota;Archaeplastida;Chlorophyta;-;-;-;-;-
SAO-all-DCM-20-180-00_bin-11,Eukaryota;Metazoa;Arthropoda;-;-;-;-;-
SPO-all-SRF-0-8-5-00_bin-305,Eukaryota;-;-;-;-;-;-;-
MS-all-SRF-180-2000-00_bin-76,Eukaryota;Metazoa;Arthropoda;Hexanauplia;-;-;-;-
NAO-all-SRF-0-8-5-00_bin-523,Eukaryota;Hacrobia;Cryptophyta;Cryptophyceae;Cryptomonadales;-;-;-
SPO-all-SRF-0-8-5-00_bin-633,Eukaryota;Archaeplastida;Chlorophyta;-;-;-;-;-
IO-all-DCM-0-8-5-00_bin-130,Eukaryota;-;-;-;-;-;-;-
NAO-all-MIX-0-8-5-00_bin-144,Eukaryota;Stramenopiles;Ochrophyta;Chrysophyceae;-;-;-;-
NAO-all-SRF-0-8-5-00_bin-572,Eukaryota;-;-;-;-;-;-;-
NPO-all-DCM-0-8-5-00_bin-411,Eukaryota;Archaeplastida;Chlorophyta;Mamiellophyceae;Mamiellales;Bathycoccaceae;Bathycoccus;-
SPO-all-SRF-0-8-5-00_bin-502,Eukaryota;Archaeplastida;Chlorophyta;Chloropicophyceae;Chloropicales;Chloropicaceae;-;-
SAO-all-SRF-20-180-00_bin-69,Eukaryota;Metazoa;Arthropoda;Hexanauplia;-;-;-;-
NPO-all-DCM-20-180-00_bin-34,Eukaryota;Metazoa;Arthropoda;-;-;-;-;-
MS-all-SRF-0-8-5-00_bin-542,Eukaryota;Stramenopiles;Ochrophyta;Chrysophyceae;-;-;-;-
SO-all-SRF-180-2000-00_bin-8,Eukaryota;Hacrobia;Haptophyta;Prymnesiophyceae;Phaeocystales;Phaeocystaceae;Phaeocystis;-
SO-all-SRF-0-8-5-00_bin-31,Eukaryota;-;-;-;-;-;-;-
NPO-all-SRF-20-180-00_bin-81,Eukaryota;Metazoa;Arthropoda;Hexanauplia;-;-;-;-
NPO-all-SRF-0-8-5-00_bin-646,Eukaryota;-;-;-;-;-;-;-
NAO-all-MIX-0-8-5-00_bin-124,Eukaryota;Hacrobia;Cryptophyta;Cryptophyceae;Cryptomonadales;-;-;-
SPO-all-SRF-20-180-00_bin-16,Eukaryota;Metazoa;Arthropoda;Hexanauplia;-;-;-;-
SPO-SPSG-SRF-20-180-00_bin-97,Eukaryota;Metazoa;Arthropoda;Hexanauplia;Calanoida;-;-;-
IO-all-SRF-0-8-5-00_bin-307,Eukaryota;-;-;-;-;-;-;-
MS-all-SRF-5-20-00_bin-10,Eukaryota;Metazoa;Arthropoda;Hexanauplia;-;-;-;-
SO-all-DCM-0-8-5-00_bin-34,Eukaryota;Hacrobia;Haptophyta;Prymnesiophyceae;Phaeocystales;Phaeocystaceae;Phaeocystis;-
SPO-SPSG-SRF-180-2000-00_bin-172,Eukaryota;Metazoa;-;-;-;-;-;-
NAO-all-DCM-0-8-5-00_bin-69,Eukaryota;Stramenopiles;Ochrophyta;Bacillariophyta;Bacillariophyta_X;-;-;-
SPO-all-SRF-0-8-5-00_bin-345,Eukaryota;-;-;-;-;-;-;-
SPO-SPSG-SRF-0-8-5-00_bin-285,Eukaryota;-;-;-;-;-;-;-
SPO-all-SRF-180-2000-00_bin-73,Eukaryota;Metazoa;-;-;-;-;-;-
NAO-all-DCM-0-8-5-00_bin-110,Eukaryota;Archaeplastida;Chlorophyta;Mamiellophyceae;Mamiellales;Bathycoccaceae;-;-
NPO-all-SRF-20-180-00_bin-17,Eukaryota;Metazoa;Arthropoda;Hexanauplia;-;-;-;-
SAO-all-SRF-0-8-5-00_bin-49,Eukaryota;Hacrobia;Haptophyta;Prymnesiophyceae;-;-;-;-
IO-all-SRF-0-8-5-00_bin-298,Eukaryota;-;-;-;-;-;-;-
RS-all-SRF-180-2000-00_bin-15,Eukaryota;Metazoa;Arthropoda;Hexanauplia;-;-;-;-
SAO-all-SRF-0-8-5-00_bin-71,Eukaryota;Stramenopiles;Ochrophyta;Bacillariophyta;Bacillariophyta_X;Polar-centric-Mediophyceae;Minutocellus;-
SAO-all-DCM-20-180-00_bin-13,Eukaryota;Metazoa;Arthropoda;Hexanauplia;-;-;-;-
SAO-all-SRF-20-180-00_bin-20,Eukaryota;Metazoa;Arthropoda;Hexanauplia;-;-;-;-
SPO-all-SRF-180-2000-00_bin-303,Eukaryota;Metazoa;Arthropoda;Hexanauplia;-;-;-;-
SAO-all-SRF-0-8-5-00_bin-590,Eukaryota;Stramenopiles;Ochrophyta;Dictyochophyceae;-;-;-;-
RS-all-SRF-20-180-00_bin-29,Eukaryota;Metazoa;Arthropoda;Hexanauplia;-;-;-;-
NPO-all-DCM-0-8-5-00_bin-431,Eukaryota;Archaeplastida;Chlorophyta;Mamiellophyceae;Mamiellales;Bathycoccaceae;-;-
SPO-all-SRF-0-8-5-00_bin-907,Eukaryota;-;-;-;-;-;-;-
IO-all-MES-0-8-5-00_bin-188,Eukaryota;-;-;-;-;-;-;-
MS-all-SRF-20-180-00_bin-99,Eukaryota;Metazoa;Arthropoda;Hexanauplia;-;-;-;-
IO-all-SRF-0-8-5-00_bin-21,Eukaryota;Archaeplastida;Chlorophyta;-;-;-;-;-
SAO-all-SRF-180-2000-00_bin-31,Eukaryota;Metazoa;-;-;-;-;-;-
SAO-all-DCM-0-8-5-00_bin-588,Eukaryota;Alveolata;Dinoflagellata;Dinophyceae;-;-;-;-
MS-all-SRF-20-180-00_bin-94,Eukaryota;Metazoa;Arthropoda;-;-;-;-;-
SPO-all-SRF-5-20-00_bin-120,Eukaryota;Archaeplastida;Chlorophyta;Chloropicophyceae;Chloropicales;-;-;-
SPO-all-SRF-20-180-00_bin-177,Eukaryota;Metazoa;Arthropoda;Hexanauplia;-;-;-;-
NPO-all-SRF-0-8-5-00_bin-371,Eukaryota;Archaeplastida;Chlorophyta;-;-;-;-;-
NAO-all-SRF-0-8-5-00_bin-230,Eukaryota;Stramenopiles;Ochrophyta;Bacillariophyta;Bacillariophyta_X;-;-;-
NAO-all-MES-0-8-5-00_bin-290,Eukaryota;Amoebozoa;-;-;-;-;-;-
NAO-all-DCM-0-8-5-00_bin-243,Eukaryota;Archaeplastida;Chlorophyta;Mamiellophyceae;Mamiellales;Bathycoccaceae;-;-
SPO-SPSG-SRF-20-180-00_bin-26,Eukaryota;Metazoa;Arthropoda;-;-;-;-;-
SPO-CHIL-SRF-180-2000-00_bin-2,Eukaryota;Stramenopiles;Ochrophyta;Bacillariophyta;Bacillariophyta_X;-;-;-
SO-all-SRF-0-8-5-00_bin-63,Eukaryota;Stramenopiles;Ochrophyta;Bacillariophyta;Bacillariophyta_X;Raphid-pennate;-;-
SPO-SPSG-SRF-180-2000-00_bin-131,Eukaryota;Metazoa;Arthropoda;Hexanauplia;-;-;-;-
SPO-SPSG-SRF-180-2000-00_bin-164,Eukaryota;Metazoa;Chordata;Actinopteri;-;-;-;-
NPO-all-DCM-0-8-5-00_bin-38,Eukaryota;Hacrobia;Cryptophyta;Cryptophyceae;Cryptomonadales;-;-;-
SPO-SPSG-SRF-20-180-00_bin-82,Eukaryota;Metazoa;Arthropoda;Hexanauplia;-;-;-;-
NAO-all-SRF-0-8-5-00_bin-289,Eukaryota;Stramenopiles;Ochrophyta;Dictyochophyceae;-;-;-;-
SAO-all-SRF-0-8-5-00_bin-87,Eukaryota;Hacrobia;Haptophyta;Prymnesiophyceae;Phaeocystales;Phaeocystaceae;Phaeocystis;-
SPO-all-DCM-0-8-5-00_bin-275,Eukaryota;Archaeplastida;Chlorophyta;Chloropicophyceae;Chloropicales;Chloropicaceae;-;-
SPO-all-SRF-20-180-00_bin-13,Eukaryota;Metazoa;Arthropoda;-;-;-;-;-
